{
    "type": "FeatureCollection", 
    "features": [
        {
            "geometry": {
                "type": "Point", 
                "coordinates": [
                    -31.1301, 
                    39.4582
                ]
            }, 
            "type": "Feature", 
            "properties": {
                "intensidadeVentoKM": 21.6, 
                "temperatura": 22.3, 
                "idEstacao": 1200501, 
                "pressao": 1026.0, 
                "humidade": 65.0, 
                "localEstacao": "Flores (Aeroporto)", 
                "precAcumulada": 0.0, 
                "idDireccVento": 9, 
                "radiacao": 373.7, 
                "time": "2025-08-25T13:00:00", 
                "intensidadeVento": 6.0, 
                "descDirVento": "N"
            }
        }, 
        {
            "geometry": {
                "type": "Point", 
                "coordinates": [
                    -31.1136, 
                    39.6739
                ]
            }, 
            "type": "Feature", 
            "properties": {
                "intensidadeVentoKM": 16.6, 
                "temperatura": 22.6, 
                "idEstacao": 1200502, 
                "pressao": 1025.8, 
                "humidade": 57.0, 
                "localEstacao": "Corvo (Aer\u00f3dromo)", 
                "precAcumulada": 0.0, 
                "idDireccVento": 8, 
                "radiacao": 2911.7, 
                "time": "2025-08-25T13:00:00", 
                "intensidadeVento": 4.6, 
                "descDirVento": "NW"
            }
        }, 
        {
            "geometry": {
                "type": "Point", 
                "coordinates": [
                    -28.4414, 
                    38.5522
                ]
            }, 
            "type": "Feature", 
            "properties": {
                "intensidadeVentoKM": 14.8, 
                "temperatura": 24.8, 
                "idEstacao": 1200504, 
                "pressao": 1024.8, 
                "humidade": 64.0, 
                "localEstacao": "Pico (Aer\u00f3dromo)", 
                "precAcumulada": 0.0, 
                "idDireccVento": 2, 
                "radiacao": 2495.4, 
                "time": "2025-08-25T13:00:00", 
                "intensidadeVento": 4.1, 
                "descDirVento": "NE"
            }
        }, 
        {
            "geometry": {
                "type": "Point", 
                "coordinates": [
                    -28.7128, 
                    38.5211
                ]
            }, 
            "type": "Feature", 
            "properties": {
                "intensidadeVentoKM": 8.3, 
                "temperatura": 24.6, 
                "idEstacao": 1200505, 
                "pressao": 1024.5, 
                "humidade": 58.0, 
                "localEstacao": "Horta / Aeroporto", 
                "precAcumulada": 0.0, 
                "idDireccVento": 1, 
                "radiacao": -99.0, 
                "time": "2025-08-25T13:00:00", 
                "intensidadeVento": 2.3, 
                "descDirVento": "N"
            }
        }, 
        {
            "geometry": {
                "type": "Point", 
                "coordinates": [
                    -28.6322, 
                    38.5408
                ]
            }, 
            "type": "Feature", 
            "properties": {
                "intensidadeVentoKM": 19.8, 
                "temperatura": 25.1, 
                "idEstacao": 1200506, 
                "pressao": 1024.8, 
                "humidade": 63.0, 
                "localEstacao": "Horta (Obs. Pr\u00edncipe Alberto M\u00f3naco)", 
                "precAcumulada": 0.0, 
                "idDireccVento": 1, 
                "radiacao": 2561.7, 
                "time": "2025-08-25T13:00:00", 
                "intensidadeVento": 5.5, 
                "descDirVento": "N"
            }
        }, 
        {
            "geometry": {
                "type": "Point", 
                "coordinates": [
                    -28.0285, 
                    39.0904
                ]
            }, 
            "type": "Feature", 
            "properties": {
                "intensidadeVentoKM": 17.6, 
                "temperatura": 24.3, 
                "idEstacao": 1200507, 
                "pressao": 1024.7, 
                "humidade": 61.0, 
                "localEstacao": "Graciosa (Aer\u00f3dromo)", 
                "precAcumulada": 0.0, 
                "idDireccVento": 9, 
                "radiacao": 2383.7, 
                "time": "2025-08-25T13:00:00", 
                "intensidadeVento": 4.9, 
                "descDirVento": "N"
            }
        }, 
        {
            "geometry": {
                "type": "Point", 
                "coordinates": [
                    -28.17, 
                    38.66
                ]
            }, 
            "type": "Feature", 
            "properties": {
                "intensidadeVentoKM": 6.5, 
                "temperatura": 23.5, 
                "idEstacao": 1200510, 
                "pressao": 1024.3, 
                "humidade": 65.0, 
                "localEstacao": "S\u00e3o Jorge", 
                "precAcumulada": 0.0, 
                "idDireccVento": 7, 
                "radiacao": 3199.2, 
                "time": "2025-08-25T13:00:00", 
                "intensidadeVento": 1.8, 
                "descDirVento": "W"
            }
        }, 
        {
            "geometry": {
                "type": "Point", 
                "coordinates": [
                    -27.2166, 
                    38.6659
                ]
            }, 
            "type": "Feature", 
            "properties": {
                "intensidadeVentoKM": 15.5, 
                "temperatura": 24.4, 
                "idEstacao": 1200511, 
                "pressao": 1024.2, 
                "humidade": 55.0, 
                "localEstacao": "Angra do Hero\u00edsmo", 
                "precAcumulada": 0.0, 
                "idDireccVento": 9, 
                "radiacao": 2950.2, 
                "time": "2025-08-25T13:00:00", 
                "intensidadeVento": 4.3, 
                "descDirVento": "N"
            }
        }, 
        {
            "geometry": {
                "type": "Point", 
                "coordinates": [
                    -25.6953, 
                    37.7441
                ]
            }, 
            "type": "Feature", 
            "properties": {
                "intensidadeVentoKM": 25.6, 
                "temperatura": 25.1, 
                "idEstacao": 1200512, 
                "pressao": 1022.6, 
                "humidade": 63.0, 
                "localEstacao": "Ponta Delgada (Aeroporto)", 
                "precAcumulada": 0.0, 
                "idDireccVento": 2, 
                "radiacao": 4450.9, 
                "time": "2025-08-25T13:00:00", 
                "intensidadeVento": 7.1, 
                "descDirVento": "NE"
            }
        }, 
        {
            "geometry": {
                "type": "Point", 
                "coordinates": [
                    -25.1679, 
                    36.9672
                ]
            }, 
            "type": "Feature", 
            "properties": {
                "intensidadeVentoKM": 32.0, 
                "temperatura": 21.8, 
                "idEstacao": 1200515, 
                "pressao": 1022.7, 
                "humidade": 98.0, 
                "localEstacao": "Santa Maria (Aeroporto)", 
                "precAcumulada": 0.0, 
                "idDireccVento": 2, 
                "radiacao": 1548.4, 
                "time": "2025-08-25T13:00:00", 
                "intensidadeVento": 8.9, 
                "descDirVento": "NE"
            }
        }, 
        {
            "geometry": {
                "type": "Point", 
                "coordinates": [
                    -16.7761, 
                    32.6969
                ]
            }, 
            "type": "Feature", 
            "properties": {
                "intensidadeVentoKM": 25.6, 
                "temperatura": 25.1, 
                "idEstacao": 1200521, 
                "pressao": 1019.5, 
                "humidade": 80.0, 
                "localEstacao": "Santa Catarina (Aeroporto)", 
                "precAcumulada": 0.2, 
                "idDireccVento": 0, 
                "radiacao": 3438.0, 
                "time": "2025-08-25T13:00:00", 
                "intensidadeVento": 7.1, 
                "descDirVento": "---"
            }
        }, 
        {
            "geometry": {
                "type": "Point", 
                "coordinates": [
                    -16.888, 
                    32.6479
                ]
            }, 
            "type": "Feature", 
            "properties": {
                "intensidadeVentoKM": 7.2, 
                "temperatura": 26.9, 
                "idEstacao": 1200522, 
                "pressao": 1019.6, 
                "humidade": 64.0, 
                "localEstacao": "Funchal", 
                "precAcumulada": 0.0, 
                "idDireccVento": 4, 
                "radiacao": 3301.6, 
                "time": "2025-08-25T13:00:00", 
                "intensidadeVento": 2.0, 
                "descDirVento": "SE"
            }
        }, 
        {
            "geometry": {
                "type": "Point", 
                "coordinates": [
                    -16.3487, 
                    33.074
                ]
            }, 
            "type": "Feature", 
            "properties": {
                "intensidadeVentoKM": 22.7, 
                "temperatura": 25.8, 
                "idEstacao": 1200524, 
                "pressao": 1019.5, 
                "humidade": 78.0, 
                "localEstacao": "Porto Santo (Aeroporto)", 
                "precAcumulada": 0.0, 
                "idDireccVento": 9, 
                "radiacao": 3501.4, 
                "time": "2025-08-25T13:00:00", 
                "intensidadeVento": 6.3, 
                "descDirVento": "N"
            }
        }, 
        {
            "geometry": {
                "type": "Point", 
                "coordinates": [
                    -9.4074, 
                    39.38
                ]
            }, 
            "type": "Feature", 
            "properties": {
                "intensidadeVentoKM": 17.3, 
                "temperatura": 20.3, 
                "idEstacao": 1200531, 
                "pressao": 1016.2, 
                "humidade": 86.0, 
                "localEstacao": "Cabo Carvoeiro", 
                "precAcumulada": -99.0, 
                "idDireccVento": 9, 
                "radiacao": -99.0, 
                "time": "2025-08-25T13:00:00", 
                "intensidadeVento": 4.8, 
                "descDirVento": "N"
            }
        }, 
        {
            "geometry": {
                "type": "Point", 
                "coordinates": [
                    -8.9491, 
                    37.0128
                ]
            }, 
            "type": "Feature", 
            "properties": {
                "intensidadeVentoKM": 34.2, 
                "temperatura": 22.8, 
                "idEstacao": 1200533, 
                "pressao": 1015.0, 
                "humidade": 61.0, 
                "localEstacao": "Sagres", 
                "precAcumulada": 0.0, 
                "idDireccVento": 8, 
                "radiacao": -99.0, 
                "time": "2025-08-25T13:00:00", 
                "intensidadeVento": 9.5, 
                "descDirVento": "NW"
            }
        }, 
        {
            "geometry": {
                "type": "Point", 
                "coordinates": [
                    -9.1497, 
                    38.7191
                ]
            }, 
            "type": "Feature", 
            "properties": {
                "intensidadeVentoKM": 7.9, 
                "temperatura": 27.4, 
                "idEstacao": 1200535, 
                "pressao": 1014.8, 
                "humidade": 52.0, 
                "localEstacao": "Lisboa (Geof\u00edsico)", 
                "precAcumulada": 0.0, 
                "idDireccVento": 5, 
                "radiacao": 3051.6, 
                "time": "2025-08-25T13:00:00", 
                "intensidadeVento": 2.2, 
                "descDirVento": "S"
            }
        }, 
        {
            "geometry": {
                "type": "Point", 
                "coordinates": [
                    -8.8383, 
                    37.9545
                ]
            }, 
            "type": "Feature", 
            "properties": {
                "intensidadeVentoKM": 18.0, 
                "temperatura": 23.4, 
                "idEstacao": 1200541, 
                "pressao": 1015.1, 
                "humidade": 67.0, 
                "localEstacao": "Sines", 
                "precAcumulada": 0.0, 
                "idDireccVento": 8, 
                "radiacao": 3238.2, 
                "time": "2025-08-25T13:00:00", 
                "intensidadeVento": 5.0, 
                "descDirVento": "NW"
            }
        }, 
        {
            "geometry": {
                "type": "Point", 
                "coordinates": [
                    -8.6813, 
                    41.2335
                ]
            }, 
            "type": "Feature", 
            "properties": {
                "intensidadeVentoKM": 10.1, 
                "temperatura": 21.6, 
                "idEstacao": 1200545, 
                "pressao": 1016.1, 
                "humidade": 75.0, 
                "localEstacao": "Pedras Rubras", 
                "precAcumulada": -99.0, 
                "idDireccVento": 7, 
                "radiacao": 3001.0, 
                "time": "2025-08-25T13:00:00", 
                "intensidadeVento": 2.8, 
                "descDirVento": "W"
            }
        }, 
        {
            "geometry": {
                "type": "Point", 
                "coordinates": [
                    -8.4667, 
                    40.1501
                ]
            }, 
            "type": "Feature", 
            "properties": {
                "intensidadeVentoKM": 9.4, 
                "temperatura": 26.3, 
                "idEstacao": 1200548, 
                "pressao": 1015.1, 
                "humidade": 52.0, 
                "localEstacao": "Coimbra (Aer\u00f3dromo)", 
                "precAcumulada": 0.0, 
                "idDireccVento": 8, 
                "radiacao": 3175.8, 
                "time": "2025-08-25T13:00:00", 
                "intensidadeVento": 2.6, 
                "descDirVento": "NW"
            }
        }, 
        {
            "geometry": {
                "type": "Point", 
                "coordinates": [
                    -8.8046, 
                    41.6489
                ]
            }, 
            "type": "Feature", 
            "properties": {
                "intensidadeVentoKM": 8.3, 
                "temperatura": 18.9, 
                "idEstacao": 1200551, 
                "pressao": 1016.1, 
                "humidade": 92.0, 
                "localEstacao": "Viana Castelo, Chaf\u00e9", 
                "precAcumulada": 0.0, 
                "idDireccVento": 7, 
                "radiacao": 2032.3, 
                "time": "2025-08-25T13:00:00", 
                "intensidadeVento": 2.3, 
                "descDirVento": "W"
            }
        }, 
        {
            "geometry": {
                "type": "Point", 
                "coordinates": [
                    -7.972, 
                    37.0166
                ]
            }, 
            "type": "Feature", 
            "properties": {
                "intensidadeVentoKM": 16.2, 
                "temperatura": 25.1, 
                "idEstacao": 1200554, 
                "pressao": 1014.4, 
                "humidade": 63.0, 
                "localEstacao": "Faro (Aeroporto)", 
                "precAcumulada": 0.0, 
                "idDireccVento": 6, 
                "radiacao": 3190.2, 
                "time": "2025-08-25T13:00:00", 
                "intensidadeVento": 4.5, 
                "descDirVento": "SW"
            }
        }, 
        {
            "geometry": {
                "type": "Point", 
                "coordinates": [
                    -7.8834, 
                    38.5334
                ]
            }, 
            "type": "Feature", 
            "properties": {
                "intensidadeVentoKM": 10.8, 
                "temperatura": 32.2, 
                "idEstacao": 1200558, 
                "pressao": 1012.9, 
                "humidade": 29.0, 
                "localEstacao": "\u00c9vora (C.Coordena\u00e7\u00e3o)", 
                "precAcumulada": 0.0, 
                "idDireccVento": 9, 
                "radiacao": 3254.1, 
                "time": "2025-08-25T13:00:00", 
                "intensidadeVento": 3.0, 
                "descDirVento": "N"
            }
        }, 
        {
            "geometry": {
                "type": "Point", 
                "coordinates": [
                    -7.8875, 
                    40.7264
                ]
            }, 
            "type": "Feature", 
            "properties": {
                "intensidadeVentoKM": 10.8, 
                "temperatura": 29.4, 
                "idEstacao": 1200559, 
                "pressao": 1013.1, 
                "humidade": 26.0, 
                "localEstacao": "Viseu (Aer\u00f3dromo)", 
                "precAcumulada": 0.0, 
                "idDireccVento": 7, 
                "radiacao": -99.0, 
                "time": "2025-08-25T13:00:00", 
                "intensidadeVento": 3.0, 
                "descDirVento": "W"
            }
        }, 
        {
            "geometry": {
                "type": "Point", 
                "coordinates": [
                    -7.8959, 
                    40.7149
                ]
            }, 
            "type": "Feature", 
            "properties": {
                "intensidadeVentoKM": 10.8, 
                "temperatura": 29.3, 
                "idEstacao": 1200560, 
                "pressao": 1013.4, 
                "humidade": 29.0, 
                "localEstacao": "Viseu (C.Coordena\u00e7\u00e3o)", 
                "precAcumulada": 0.0, 
                "idDireccVento": 5, 
                "radiacao": -99.0, 
                "time": "2025-08-25T13:00:00", 
                "intensidadeVento": 3.0, 
                "descDirVento": "S"
            }
        }, 
        {
            "geometry": {
                "type": "Point", 
                "coordinates": [
                    -7.8673, 
                    38.0249
                ]
            }, 
            "type": "Feature", 
            "properties": {
                "intensidadeVentoKM": 10.8, 
                "temperatura": 30.0, 
                "idEstacao": 1200562, 
                "pressao": 1013.2, 
                "humidade": 35.0, 
                "localEstacao": "Beja", 
                "precAcumulada": 0.0, 
                "idDireccVento": 8, 
                "radiacao": 3315.8, 
                "time": "2025-08-25T13:00:00", 
                "intensidadeVento": 3.0, 
                "descDirVento": "NW"
            }
        }, 
        {
            "geometry": {
                "type": "Point", 
                "coordinates": [
                    -7.7171, 
                    41.2742
                ]
            }, 
            "type": "Feature", 
            "properties": {
                "intensidadeVentoKM": 7.2, 
                "temperatura": 30.5, 
                "idEstacao": 1200567, 
                "pressao": 1012.5, 
                "humidade": 25.0, 
                "localEstacao": "Vila Real", 
                "precAcumulada": 0.0, 
                "idDireccVento": 6, 
                "radiacao": 3104.1, 
                "time": "2025-08-25T13:00:00", 
                "intensidadeVento": 2.0, 
                "descDirVento": "SW"
            }
        }, 
        {
            "geometry": {
                "type": "Point", 
                "coordinates": [
                    -7.5587, 
                    40.4114
                ]
            }, 
            "type": "Feature", 
            "properties": {
                "intensidadeVentoKM": 9.7, 
                "temperatura": 24.9, 
                "idEstacao": 1200568, 
                "pressao": -99.0, 
                "humidade": 34.0, 
                "localEstacao": "Penhas Douradas", 
                "precAcumulada": 0.0, 
                "idDireccVento": 3, 
                "radiacao": 3245.4, 
                "time": "2025-08-25T13:00:00", 
                "intensidadeVento": 2.7, 
                "descDirVento": "E"
            }
        }, 
        {
            "geometry": {
                "type": "Point", 
                "coordinates": [
                    -7.4668, 
                    39.8334
                ]
            }, 
            "type": "Feature", 
            "properties": {
                "intensidadeVentoKM": 6.8, 
                "temperatura": 31.5, 
                "idEstacao": 1200570, 
                "pressao": 1012.0, 
                "humidade": 35.0, 
                "localEstacao": "Castelo Branco", 
                "precAcumulada": 0.0, 
                "idDireccVento": 5, 
                "radiacao": 3121.7, 
                "time": "2025-08-25T13:00:00", 
                "intensidadeVento": 1.9, 
                "descDirVento": "S"
            }
        }, 
        {
            "geometry": {
                "type": "Point", 
                "coordinates": [
                    -7.42, 
                    39.2955
                ]
            }, 
            "type": "Feature", 
            "properties": {
                "intensidadeVentoKM": 13.3, 
                "temperatura": 30.0, 
                "idEstacao": 1200571, 
                "pressao": 1012.3, 
                "humidade": 27.0, 
                "localEstacao": "Portalegre", 
                "precAcumulada": 0.0, 
                "idDireccVento": 7, 
                "radiacao": -99.0, 
                "time": "2025-08-25T13:00:00", 
                "intensidadeVento": 3.7, 
                "descDirVento": "W"
            }
        }, 
        {
            "geometry": {
                "type": "Point", 
                "coordinates": [
                    -6.7428, 
                    41.8039
                ]
            }, 
            "type": "Feature", 
            "properties": {
                "intensidadeVentoKM": 13.0, 
                "temperatura": 32.3, 
                "idEstacao": 1200575, 
                "pressao": 1012.0, 
                "humidade": 22.0, 
                "localEstacao": "Bragan\u00e7a", 
                "precAcumulada": 0.0, 
                "idDireccVento": 5, 
                "radiacao": 3084.6, 
                "time": "2025-08-25T13:00:00", 
                "intensidadeVento": 3.6, 
                "descDirVento": "S"
            }
        }, 
        {
            "geometry": {
                "type": "Point", 
                "coordinates": [
                    -6.708, 
                    41.8576
                ]
            }, 
            "type": "Feature", 
            "properties": {
                "intensidadeVentoKM": 17.3, 
                "temperatura": 31.1, 
                "idEstacao": 1200576, 
                "pressao": 1011.7, 
                "humidade": 25.0, 
                "localEstacao": "Bragan\u00e7a (Aer\u00f3dromo)", 
                "precAcumulada": 0.0, 
                "idDireccVento": 6, 
                "radiacao": -99.0, 
                "time": "2025-08-25T13:00:00", 
                "intensidadeVento": 4.8, 
                "descDirVento": "SW"
            }
        }, 
        {
            "geometry": {
                "type": "Point", 
                "coordinates": [
                    -7.8916, 
                    38.5296
                ]
            }, 
            "type": "Feature", 
            "properties": {
                "intensidadeVentoKM": 11.9, 
                "temperatura": 31.0, 
                "idEstacao": 1200843, 
                "pressao": 1012.8, 
                "humidade": 32.0, 
                "localEstacao": "\u00c9vora (Aer\u00f3dromo)", 
                "precAcumulada": 0.0, 
                "idDireccVento": 9, 
                "radiacao": -99.0, 
                "time": "2025-08-25T13:00:00", 
                "intensidadeVento": 3.3, 
                "descDirVento": "N"
            }
        }, 
        {
            "geometry": {
                "type": "Point", 
                "coordinates": [
                    -25.6623, 
                    37.7464
                ]
            }, 
            "type": "Feature", 
            "properties": {
                "intensidadeVentoKM": 12.2, 
                "temperatura": 25.8, 
                "idEstacao": 1210513, 
                "pressao": -99.0, 
                "humidade": 60.0, 
                "localEstacao": "Ponta Delgada (Obs. Afonso Chaves)", 
                "precAcumulada": 0.0, 
                "idDireccVento": 2, 
                "radiacao": 3207.8, 
                "time": "2025-08-25T13:00:00", 
                "intensidadeVento": 3.4, 
                "descDirVento": "NE"
            }
        }, 
        {
            "geometry": {
                "type": "Point", 
                "coordinates": [
                    -31.2207, 
                    39.4633
                ]
            }, 
            "type": "Feature", 
            "properties": {
                "intensidadeVentoKM": 33.5, 
                "temperatura": -99.0, 
                "idEstacao": 1210517, 
                "pressao": 1024.7, 
                "humidade": -99.0, 
                "localEstacao": "Flores / Morro Alto", 
                "precAcumulada": 0.0, 
                "idDireccVento": 9, 
                "radiacao": -99.0, 
                "time": "2025-08-25T13:00:00", 
                "intensidadeVento": 9.3, 
                "descDirVento": "N"
            }
        }, 
        {
            "geometry": {
                "type": "Point", 
                "coordinates": [
                    -25.7512, 
                    37.819
                ]
            }, 
            "type": "Feature", 
            "properties": {
                "intensidadeVentoKM": 32.4, 
                "temperatura": 17.1, 
                "idEstacao": 1210518, 
                "pressao": 1023.1, 
                "humidade": 100.0, 
                "localEstacao": "S\u00e3o Miguel / Pico Santos De Cima", 
                "precAcumulada": 0.0, 
                "idDireccVento": 2, 
                "radiacao": -99.0, 
                "time": "2025-08-25T13:00:00", 
                "intensidadeVento": 9.0, 
                "descDirVento": "NE"
            }
        }, 
        {
            "geometry": {
                "type": "Point", 
                "coordinates": [
                    -15.8692, 
                    30.1406
                ]
            }, 
            "type": "Feature", 
            "properties": {
                "intensidadeVentoKM": -99.0, 
                "temperatura": 24.4, 
                "idEstacao": 1210520, 
                "pressao": 1019.9, 
                "humidade": 78.0, 
                "localEstacao": "Ilhas selvagens", 
                "precAcumulada": 0.0, 
                "idDireccVento": 0, 
                "radiacao": 3512.0, 
                "time": "2025-08-25T13:00:00", 
                "intensidadeVento": -99.0, 
                "descDirVento": "---"
            }
        }, 
        {
            "geometry": {
                "type": "Point", 
                "coordinates": [
                    -8.4, 
                    39.071
                ]
            }, 
            "type": "Feature", 
            "properties": {
                "intensidadeVentoKM": 7.2, 
                "temperatura": 30.4, 
                "idEstacao": 1210550, 
                "pressao": 1014.1, 
                "humidade": 32.0, 
                "localEstacao": "Coruche / Cruz Do Le\u00e3o", 
                "precAcumulada": 0.0, 
                "idDireccVento": 7, 
                "radiacao": -99.0, 
                "time": "2025-08-25T13:00:00", 
                "intensidadeVento": 2.0, 
                "descDirVento": "W"
            }
        }, 
        {
            "geometry": {
                "type": "Point", 
                "coordinates": [
                    -8.729, 
                    37.5471
                ]
            }, 
            "type": "Feature", 
            "properties": {
                "intensidadeVentoKM": 16.2, 
                "temperatura": 24.2, 
                "idEstacao": 1210577, 
                "pressao": -99.0, 
                "humidade": 59.0, 
                "localEstacao": "Odemira, S. Teot\u00f3nio", 
                "precAcumulada": 0.0, 
                "idDireccVento": 8, 
                "radiacao": 3133.3, 
                "time": "2025-08-25T13:00:00", 
                "intensidadeVento": 4.5, 
                "descDirVento": "NW"
            }
        }, 
        {
            "geometry": {
                "type": "Point", 
                "coordinates": [
                    -9.1254, 
                    38.7618
                ]
            }, 
            "type": "Feature", 
            "properties": {
                "intensidadeVentoKM": 15.8, 
                "temperatura": 28.0, 
                "idEstacao": 1210580, 
                "pressao": 1014.8, 
                "humidade": 43.0, 
                "localEstacao": "Lisboa, Rel\u00f3gio", 
                "precAcumulada": 0.0, 
                "idDireccVento": 8, 
                "radiacao": -99.0, 
                "time": "2025-08-25T13:00:00", 
                "intensidadeVento": 4.4, 
                "descDirVento": "NW"
            }
        }, 
        {
            "geometry": {
                "type": "Point", 
                "coordinates": [
                    -8.6668, 
                    41.9667
                ]
            }, 
            "type": "Feature", 
            "properties": {
                "intensidadeVentoKM": 11.2, 
                "temperatura": 26.4, 
                "idEstacao": 1210604, 
                "pressao": 1014.4, 
                "humidade": 61.0, 
                "localEstacao": "V.N.Cerveira (Aer\u00f3dromo)", 
                "precAcumulada": 0.0, 
                "idDireccVento": 0, 
                "radiacao": 2967.3, 
                "time": "2025-08-25T13:00:00", 
                "intensidadeVento": 3.1, 
                "descDirVento": "---"
            }
        }, 
        {
            "geometry": {
                "type": "Point", 
                "coordinates": [
                    -8.3833, 
                    42.0667
                ]
            }, 
            "type": "Feature", 
            "properties": {
                "intensidadeVentoKM": 10.8, 
                "temperatura": 28.8, 
                "idEstacao": 1210605, 
                "pressao": -99.0, 
                "humidade": 43.0, 
                "localEstacao": "Mon\u00e7\u00e3o, Valinha", 
                "precAcumulada": -99.0, 
                "idDireccVento": 7, 
                "radiacao": 2614.7, 
                "time": "2025-08-25T13:00:00", 
                "intensidadeVento": 3.0, 
                "descDirVento": "W"
            }
        }, 
        {
            "geometry": {
                "type": "Point", 
                "coordinates": [
                    -8.1833, 
                    42.0333
                ]
            }, 
            "type": "Feature", 
            "properties": {
                "intensidadeVentoKM": -99.0, 
                "temperatura": 25.6, 
                "idEstacao": 1210606, 
                "pressao": -99.0, 
                "humidade": 39.0, 
                "localEstacao": "Lamas de Mouro, P.Ribeiro", 
                "precAcumulada": 0.0, 
                "idDireccVento": 0, 
                "radiacao": 3032.9, 
                "time": "2025-08-25T13:00:00", 
                "intensidadeVento": -99.0, 
                "descDirVento": "---"
            }
        }, 
        {
            "geometry": {
                "type": "Point", 
                "coordinates": [
                    -7.788, 
                    41.8228
                ]
            }, 
            "type": "Feature", 
            "properties": {
                "intensidadeVentoKM": 6.1, 
                "temperatura": 28.5, 
                "idEstacao": 1210611, 
                "pressao": -99.0, 
                "humidade": 23.0, 
                "localEstacao": "Montalegre", 
                "precAcumulada": 0.0, 
                "idDireccVento": 5, 
                "radiacao": 3250.5, 
                "time": "2025-08-25T13:00:00", 
                "intensidadeVento": 1.7, 
                "descDirVento": "S"
            }
        }, 
        {
            "geometry": {
                "type": "Point", 
                "coordinates": [
                    -7.0034, 
                    41.8434
                ]
            }, 
            "type": "Feature", 
            "properties": {
                "intensidadeVentoKM": 10.8, 
                "temperatura": 29.7, 
                "idEstacao": 1210612, 
                "pressao": -99.0, 
                "humidade": 29.0, 
                "localEstacao": "Vinhais", 
                "precAcumulada": 0.0, 
                "idDireccVento": 7, 
                "radiacao": -99.0, 
                "time": "2025-08-25T13:00:00", 
                "intensidadeVento": 3.0, 
                "descDirVento": "W"
            }
        }, 
        {
            "geometry": {
                "type": "Point", 
                "coordinates": [
                    -8.5667, 
                    41.7501
                ]
            }, 
            "type": "Feature", 
            "properties": {
                "intensidadeVentoKM": 10.1, 
                "temperatura": 25.4, 
                "idEstacao": 1210615, 
                "pressao": -99.0, 
                "humidade": 64.0, 
                "localEstacao": "Ponte de Lima (Escola agr\u00edcola)", 
                "precAcumulada": 0.0, 
                "idDireccVento": 7, 
                "radiacao": 2923.8, 
                "time": "2025-08-25T13:00:00", 
                "intensidadeVento": 2.8, 
                "descDirVento": "W"
            }
        }, 
        {
            "geometry": {
                "type": "Point", 
                "coordinates": [
                    -7.4654, 
                    41.7252
                ]
            }, 
            "type": "Feature", 
            "properties": {
                "intensidadeVentoKM": 6.5, 
                "temperatura": 32.9, 
                "idEstacao": 1210616, 
                "pressao": 1011.7, 
                "humidade": 28.0, 
                "localEstacao": "Chaves (Aer\u00f3dromo)", 
                "precAcumulada": 0.0, 
                "idDireccVento": 8, 
                "radiacao": 2407.8, 
                "time": "2025-08-25T13:00:00", 
                "intensidadeVento": 1.8, 
                "descDirVento": "NW"
            }
        }, 
        {
            "geometry": {
                "type": "Point", 
                "coordinates": [
                    -8.0167, 
                    41.7167
                ]
            }, 
            "type": "Feature", 
            "properties": {
                "intensidadeVentoKM": 9.7, 
                "temperatura": 30.7, 
                "idEstacao": 1210619, 
                "pressao": -99.0, 
                "humidade": 41.0, 
                "localEstacao": "Cabril", 
                "precAcumulada": 0.0, 
                "idDireccVento": 7, 
                "radiacao": -99.0, 
                "time": "2025-08-25T13:00:00", 
                "intensidadeVento": 2.7, 
                "descDirVento": "W"
            }
        }, 
        {
            "geometry": {
                "type": "Point", 
                "coordinates": [
                    -8.45, 
                    41.5668
                ]
            }, 
            "type": "Feature", 
            "properties": {
                "intensidadeVentoKM": 5.8, 
                "temperatura": 26.8, 
                "idEstacao": 1210622, 
                "pressao": 1015.4, 
                "humidade": 55.0, 
                "localEstacao": "Braga, Merelim", 
                "precAcumulada": 0.0, 
                "idDireccVento": 7, 
                "radiacao": 3055.5, 
                "time": "2025-08-25T13:00:00", 
                "intensidadeVento": 1.6, 
                "descDirVento": "W"
            }
        }, 
        {
            "geometry": {
                "type": "Point", 
                "coordinates": [
                    -8.3178, 
                    41.4289
                ]
            }, 
            "type": "Feature", 
            "properties": {
                "intensidadeVentoKM": -99.0, 
                "temperatura": 27.4, 
                "idEstacao": 1210625, 
                "pressao": 1014.7, 
                "humidade": 47.0, 
                "localEstacao": "Guimar\u00e3es", 
                "precAcumulada": -99.0, 
                "idDireccVento": 0, 
                "radiacao": 3094.2, 
                "time": "2025-08-25T13:00:00", 
                "intensidadeVento": -99.0, 
                "descDirVento": "---"
            }
        }, 
        {
            "geometry": {
                "type": "Point", 
                "coordinates": [
                    -7.9667, 
                    41.5333
                ]
            }, 
            "type": "Feature", 
            "properties": {
                "intensidadeVentoKM": 5.8, 
                "temperatura": 32.9, 
                "idEstacao": 1210630, 
                "pressao": -99.0, 
                "humidade": 36.0, 
                "localEstacao": "Cabeceiras de Basto", 
                "precAcumulada": 0.0, 
                "idDireccVento": 5, 
                "radiacao": 2989.8, 
                "time": "2025-08-25T13:00:00", 
                "intensidadeVento": 1.6, 
                "descDirVento": "S"
            }
        }, 
        {
            "geometry": {
                "type": "Point", 
                "coordinates": [
                    -7.1908, 
                    41.5148
                ]
            }, 
            "type": "Feature", 
            "properties": {
                "intensidadeVentoKM": 9.4, 
                "temperatura": 33.9, 
                "idEstacao": 1210632, 
                "pressao": -99.0, 
                "humidade": 24.0, 
                "localEstacao": "Mirandela", 
                "precAcumulada": 0.0, 
                "idDireccVento": 6, 
                "radiacao": -99.0, 
                "time": "2025-08-25T13:00:00", 
                "intensidadeVento": 2.6, 
                "descDirVento": "SW"
            }
        }, 
        {
            "geometry": {
                "type": "Point", 
                "coordinates": [
                    -6.7833, 
                    41.5667
                ]
            }, 
            "type": "Feature", 
            "properties": {
                "intensidadeVentoKM": 11.9, 
                "temperatura": 32.8, 
                "idEstacao": 1210633, 
                "pressao": -99.0, 
                "humidade": 23.0, 
                "localEstacao": "Macedo de Cavaleiros, Bagueixe", 
                "precAcumulada": 0.0, 
                "idDireccVento": 5, 
                "radiacao": -99.0, 
                "time": "2025-08-25T13:00:00", 
                "intensidadeVento": 3.3, 
                "descDirVento": "S"
            }
        }, 
        {
            "geometry": {
                "type": "Point", 
                "coordinates": [
                    -6.2833, 
                    41.5167
                ]
            }, 
            "type": "Feature", 
            "properties": {
                "intensidadeVentoKM": 11.5, 
                "temperatura": 32.6, 
                "idEstacao": 1210635, 
                "pressao": -99.0, 
                "humidade": 24.0, 
                "localEstacao": "Miranda do Douro", 
                "precAcumulada": 0.0, 
                "idDireccVento": 4, 
                "radiacao": -99.0, 
                "time": "2025-08-25T13:00:00", 
                "intensidadeVento": 3.2, 
                "descDirVento": "SE"
            }
        }, 
        {
            "geometry": {
                "type": "Point", 
                "coordinates": [
                    -6.7333, 
                    41.3333
                ]
            }, 
            "type": "Feature", 
            "properties": {
                "intensidadeVentoKM": 13.7, 
                "temperatura": 31.0, 
                "idEstacao": 1210637, 
                "pressao": -99.0, 
                "humidade": 26.0, 
                "localEstacao": "Mogadouro", 
                "precAcumulada": 0.0, 
                "idDireccVento": 5, 
                "radiacao": 3059.0, 
                "time": "2025-08-25T13:00:00", 
                "intensidadeVento": 3.8, 
                "descDirVento": "S"
            }
        }, 
        {
            "geometry": {
                "type": "Point", 
                "coordinates": [
                    -8.3801, 
                    41.2737
                ]
            }, 
            "type": "Feature", 
            "properties": {
                "intensidadeVentoKM": 5.8, 
                "temperatura": 27.2, 
                "idEstacao": 1210643, 
                "pressao": -99.0, 
                "humidade": 53.0, 
                "localEstacao": "Pa\u00e7os Ferreira", 
                "precAcumulada": 0.0, 
                "idDireccVento": 6, 
                "radiacao": -99.0, 
                "time": "2025-08-25T13:00:00", 
                "intensidadeVento": 1.6, 
                "descDirVento": "SW"
            }
        }, 
        {
            "geometry": {
                "type": "Point", 
                "coordinates": [
                    -7.2833, 
                    41.2333
                ]
            }, 
            "type": "Feature", 
            "properties": {
                "intensidadeVentoKM": 7.9, 
                "temperatura": 31.4, 
                "idEstacao": 1210644, 
                "pressao": -99.0, 
                "humidade": 26.0, 
                "localEstacao": "Carraz\u00eada de Ansi\u00e3es", 
                "precAcumulada": 0.0, 
                "idDireccVento": 4, 
                "radiacao": 2586.7, 
                "time": "2025-08-25T13:00:00", 
                "intensidadeVento": 2.2, 
                "descDirVento": "SE"
            }
        }, 
        {
            "geometry": {
                "type": "Point", 
                "coordinates": [
                    -8.6445, 
                    41.1844
                ]
            }, 
            "type": "Feature", 
            "properties": {
                "intensidadeVentoKM": 4.3, 
                "temperatura": 24.4, 
                "idEstacao": 1210649, 
                "pressao": -99.0, 
                "humidade": 62.0, 
                "localEstacao": "S. Gens", 
                "precAcumulada": 0.0, 
                "idDireccVento": 6, 
                "radiacao": 2819.4, 
                "time": "2025-08-25T13:00:00", 
                "intensidadeVento": 1.2, 
                "descDirVento": "SW"
            }
        }, 
        {
            "geometry": {
                "type": "Point", 
                "coordinates": [
                    -7.0167, 
                    41.1833
                ]
            }, 
            "type": "Feature", 
            "properties": {
                "intensidadeVentoKM": 14.0, 
                "temperatura": 32.1, 
                "idEstacao": 1210654, 
                "pressao": 1012.1, 
                "humidade": 23.0, 
                "localEstacao": "Moncorvo", 
                "precAcumulada": 0.0, 
                "idDireccVento": 6, 
                "radiacao": 3016.1, 
                "time": "2025-08-25T13:00:00", 
                "intensidadeVento": 3.9, 
                "descDirVento": "SW"
            }
        }, 
        {
            "geometry": {
                "type": "Point", 
                "coordinates": [
                    -7.549, 
                    41.1728
                ]
            }, 
            "type": "Feature", 
            "properties": {
                "intensidadeVentoKM": 4.3, 
                "temperatura": 35.9, 
                "idEstacao": 1210655, 
                "pressao": -99.0, 
                "humidade": 21.0, 
                "localEstacao": "Pinh\u00e3o, Santa B\u00e1rbara", 
                "precAcumulada": 0.0, 
                "idDireccVento": 8, 
                "radiacao": -99.0, 
                "time": "2025-08-25T13:00:00", 
                "intensidadeVento": 1.2, 
                "descDirVento": "NW"
            }
        }, 
        {
            "geometry": {
                "type": "Point", 
                "coordinates": [
                    -8.249, 
                    41.1459
                ]
            }, 
            "type": "Feature", 
            "properties": {
                "intensidadeVentoKM": 6.5, 
                "temperatura": 26.6, 
                "idEstacao": 1210657, 
                "pressao": -99.0, 
                "humidade": 49.0, 
                "localEstacao": "Luzim", 
                "precAcumulada": 0.0, 
                "idDireccVento": 8, 
                "radiacao": 3077.1, 
                "time": "2025-08-25T13:00:00", 
                "intensidadeVento": 1.8, 
                "descDirVento": "NW"
            }
        }, 
        {
            "geometry": {
                "type": "Point", 
                "coordinates": [
                    -7.6, 
                    40.9833
                ]
            }, 
            "type": "Feature", 
            "properties": {
                "intensidadeVentoKM": 11.5, 
                "temperatura": 32.4, 
                "idEstacao": 1210663, 
                "pressao": -99.0, 
                "humidade": 21.0, 
                "localEstacao": "Moimenta da Beira", 
                "precAcumulada": 0.0, 
                "idDireccVento": 5, 
                "radiacao": 3091.4, 
                "time": "2025-08-25T13:00:00", 
                "intensidadeVento": 3.2, 
                "descDirVento": "S"
            }
        }, 
        {
            "geometry": {
                "type": "Point", 
                "coordinates": [
                    -7.2569, 
                    40.9689
                ]
            }, 
            "type": "Feature", 
            "properties": {
                "intensidadeVentoKM": 14.4, 
                "temperatura": 30.7, 
                "idEstacao": 1210665, 
                "pressao": 1010.7, 
                "humidade": 25.0, 
                "localEstacao": "M\u00eada", 
                "precAcumulada": -99.0, 
                "idDireccVento": 5, 
                "radiacao": 3020.1, 
                "time": "2025-08-25T13:00:00", 
                "intensidadeVento": 4.0, 
                "descDirVento": "S"
            }
        }, 
        {
            "geometry": {
                "type": "Point", 
                "coordinates": [
                    -7.3667, 
                    40.7833
                ]
            }, 
            "type": "Feature", 
            "properties": {
                "intensidadeVentoKM": 11.5, 
                "temperatura": 30.5, 
                "idEstacao": 1210666, 
                "pressao": -99.0, 
                "humidade": 26.0, 
                "localEstacao": "Trancoso, Bandarra", 
                "precAcumulada": 0.0, 
                "idDireccVento": 4, 
                "radiacao": 3129.6, 
                "time": "2025-08-25T13:00:00", 
                "intensidadeVento": 3.2, 
                "descDirVento": "SE"
            }
        }, 
        {
            "geometry": {
                "type": "Point", 
                "coordinates": [
                    -8.25, 
                    40.9333
                ]
            }, 
            "type": "Feature", 
            "properties": {
                "intensidadeVentoKM": 5.4, 
                "temperatura": 27.9, 
                "idEstacao": 1210669, 
                "pressao": -99.0, 
                "humidade": 48.0, 
                "localEstacao": "Arouca", 
                "precAcumulada": 0.0, 
                "idDireccVento": 7, 
                "radiacao": 3129.5, 
                "time": "2025-08-25T13:00:00", 
                "intensidadeVento": 1.5, 
                "descDirVento": "W"
            }
        }, 
        {
            "geometry": {
                "type": "Point", 
                "coordinates": [
                    -6.8833, 
                    40.75
                ]
            }, 
            "type": "Feature", 
            "properties": {
                "intensidadeVentoKM": 5.4, 
                "temperatura": 31.9, 
                "idEstacao": 1210671, 
                "pressao": -99.0, 
                "humidade": 27.0, 
                "localEstacao": "Fig. de Castelo Rodrigo (Vila Torpim)", 
                "precAcumulada": 0.0, 
                "idDireccVento": 7, 
                "radiacao": 2945.9, 
                "time": "2025-08-25T13:00:00", 
                "intensidadeVento": 1.5, 
                "descDirVento": "W"
            }
        }, 
        {
            "geometry": {
                "type": "Point", 
                "coordinates": [
                    -7.2667, 
                    40.5333
                ]
            }, 
            "type": "Feature", 
            "properties": {
                "intensidadeVentoKM": 10.8, 
                "temperatura": 27.2, 
                "idEstacao": 1210683, 
                "pressao": -99.0, 
                "humidade": 31.0, 
                "localEstacao": "Guarda", 
                "precAcumulada": 0.0, 
                "idDireccVento": 5, 
                "radiacao": 3091.9, 
                "time": "2025-08-25T13:00:00", 
                "intensidadeVento": 3.0, 
                "descDirVento": "S"
            }
        }, 
        {
            "geometry": {
                "type": "Point", 
                "coordinates": [
                    -7.85, 
                    40.5167
                ]
            }, 
            "type": "Feature", 
            "properties": {
                "intensidadeVentoKM": 10.1, 
                "temperatura": 30.0, 
                "idEstacao": 1210685, 
                "pressao": -99.0, 
                "humidade": 40.0, 
                "localEstacao": "Nelas", 
                "precAcumulada": 0.0, 
                "idDireccVento": 7, 
                "radiacao": 3146.9, 
                "time": "2025-08-25T13:00:00", 
                "intensidadeVento": 2.8, 
                "descDirVento": "W"
            }
        }, 
        {
            "geometry": {
                "type": "Point", 
                "coordinates": [
                    -7.927, 
                    40.1457
                ]
            }, 
            "type": "Feature", 
            "properties": {
                "intensidadeVentoKM": 15.1, 
                "temperatura": 29.1, 
                "idEstacao": 1210686, 
                "pressao": -99.0, 
                "humidade": 32.0, 
                "localEstacao": "Pampilhosa da Serra, Faj\u00e3o", 
                "precAcumulada": 0.0, 
                "idDireccVento": 8, 
                "radiacao": -99.0, 
                "time": "2025-08-25T13:00:00", 
                "intensidadeVento": 4.2, 
                "descDirVento": "NW"
            }
        }, 
        {
            "geometry": {
                "type": "Point", 
                "coordinates": [
                    -7.4823, 
                    40.2643
                ]
            }, 
            "type": "Feature", 
            "properties": {
                "intensidadeVentoKM": 9.0, 
                "temperatura": 32.2, 
                "idEstacao": 1210687, 
                "pressao": -99.0, 
                "humidade": 26.0, 
                "localEstacao": "Covilh\u00e3 (Aer\u00f3dromo)", 
                "precAcumulada": 0.0, 
                "idDireccVento": 8, 
                "radiacao": 3074.0, 
                "time": "2025-08-25T13:00:00", 
                "intensidadeVento": 2.5, 
                "descDirVento": "NW"
            }
        }, 
        {
            "geometry": {
                "type": "Point", 
                "coordinates": [
                    -7.3893, 
                    40.3543
                ]
            }, 
            "type": "Feature", 
            "properties": {
                "intensidadeVentoKM": 4.0, 
                "temperatura": 32.1, 
                "idEstacao": 1210690, 
                "pressao": -99.0, 
                "humidade": 21.0, 
                "localEstacao": "Aldeia Souto (Quinta Lageosa)", 
                "precAcumulada": 0.0, 
                "idDireccVento": 8, 
                "radiacao": 3164.1, 
                "time": "2025-08-25T13:00:00", 
                "intensidadeVento": 1.1, 
                "descDirVento": "NW"
            }
        }, 
        {
            "geometry": {
                "type": "Point", 
                "coordinates": [
                    -8.2441, 
                    40.1439
                ]
            }, 
            "type": "Feature", 
            "properties": {
                "intensidadeVentoKM": 10.1, 
                "temperatura": 28.7, 
                "idEstacao": 1210697, 
                "pressao": -99.0, 
                "humidade": 53.0, 
                "localEstacao": "Lous\u00e3 (Aer\u00f3dromo)", 
                "precAcumulada": 0.0, 
                "idDireccVento": 7, 
                "radiacao": -99.0, 
                "time": "2025-08-25T13:00:00", 
                "intensidadeVento": 2.8, 
                "descDirVento": "W"
            }
        }, 
        {
            "geometry": {
                "type": "Point", 
                "coordinates": [
                    -7.5536, 
                    40.1406
                ]
            }, 
            "type": "Feature", 
            "properties": {
                "intensidadeVentoKM": 10.4, 
                "temperatura": 31.6, 
                "idEstacao": 1210698, 
                "pressao": -99.0, 
                "humidade": 20.0, 
                "localEstacao": "Fund\u00e3o", 
                "precAcumulada": 0.0, 
                "idDireccVento": 3, 
                "radiacao": 3159.5, 
                "time": "2025-08-25T13:00:00", 
                "intensidadeVento": 2.9, 
                "descDirVento": "E"
            }
        }, 
        {
            "geometry": {
                "type": "Point", 
                "coordinates": [
                    -8.6596, 
                    40.6353
                ]
            }, 
            "type": "Feature", 
            "properties": {
                "intensidadeVentoKM": 15.1, 
                "temperatura": 22.4, 
                "idEstacao": 1210702, 
                "pressao": 1016.5, 
                "humidade": 75.0, 
                "localEstacao": "Aveiro (Universidade)", 
                "precAcumulada": 0.0, 
                "idDireccVento": 7, 
                "radiacao": 3014.3, 
                "time": "2025-08-25T13:00:00", 
                "intensidadeVento": 4.2, 
                "descDirVento": "W"
            }
        }, 
        {
            "geometry": {
                "type": "Point", 
                "coordinates": [
                    -8.7617, 
                    40.446
                ]
            }, 
            "type": "Feature", 
            "properties": {
                "intensidadeVentoKM": 11.2, 
                "temperatura": 21.2, 
                "idEstacao": 1210704, 
                "pressao": -99.0, 
                "humidade": 89.0, 
                "localEstacao": "Dunas de Mira", 
                "precAcumulada": 0.0, 
                "idDireccVento": 7, 
                "radiacao": 1741.5, 
                "time": "2025-08-25T13:00:00", 
                "intensidadeVento": 3.1, 
                "descDirVento": "W"
            }
        }, 
        {
            "geometry": {
                "type": "Point", 
                "coordinates": [
                    -8.44, 
                    40.4389
                ]
            }, 
            "type": "Feature", 
            "properties": {
                "intensidadeVentoKM": 7.9, 
                "temperatura": 28.0, 
                "idEstacao": 1210705, 
                "pressao": -99.0, 
                "humidade": 47.0, 
                "localEstacao": "Anadia", 
                "precAcumulada": 0.0, 
                "idDireccVento": 8, 
                "radiacao": 2887.0, 
                "time": "2025-08-25T13:00:00", 
                "intensidadeVento": 2.2, 
                "descDirVento": "NW"
            }
        }, 
        {
            "geometry": {
                "type": "Point", 
                "coordinates": [
                    -8.4552, 
                    40.2135
                ]
            }, 
            "type": "Feature", 
            "properties": {
                "intensidadeVentoKM": 9.0, 
                "temperatura": 26.9, 
                "idEstacao": 1210707, 
                "pressao": -99.0, 
                "humidade": 60.0, 
                "localEstacao": "Coimbra, Bencanta", 
                "precAcumulada": 0.0, 
                "idDireccVento": 7, 
                "radiacao": 3053.6, 
                "time": "2025-08-25T13:00:00", 
                "intensidadeVento": 2.5, 
                "descDirVento": "W"
            }
        }, 
        {
            "geometry": {
                "type": "Point", 
                "coordinates": [
                    -8.8059, 
                    40.1398
                ]
            }, 
            "type": "Feature", 
            "properties": {
                "intensidadeVentoKM": 12.2, 
                "temperatura": 24.2, 
                "idEstacao": 1210713, 
                "pressao": -99.0, 
                "humidade": -99.0, 
                "localEstacao": "Figueira da Foz, Vila Verde", 
                "precAcumulada": 0.0, 
                "idDireccVento": 7, 
                "radiacao": 0.0, 
                "time": "2025-08-25T13:00:00", 
                "intensidadeVento": 3.4, 
                "descDirVento": "W"
            }
        }, 
        {
            "geometry": {
                "type": "Point", 
                "coordinates": [
                    -8.4, 
                    39.9
                ]
            }, 
            "type": "Feature", 
            "properties": {
                "intensidadeVentoKM": 11.5, 
                "temperatura": 28.3, 
                "idEstacao": 1210716, 
                "pressao": -99.0, 
                "humidade": 42.0, 
                "localEstacao": "Ansi\u00e3o", 
                "precAcumulada": 0.0, 
                "idDireccVento": 7, 
                "radiacao": 3140.9, 
                "time": "2025-08-25T13:00:00", 
                "intensidadeVento": 3.2, 
                "descDirVento": "W"
            }
        }, 
        {
            "geometry": {
                "type": "Point", 
                "coordinates": [
                    -8.8182, 
                    39.7806
                ]
            }, 
            "type": "Feature", 
            "properties": {
                "intensidadeVentoKM": 13.7, 
                "temperatura": 24.6, 
                "idEstacao": 1210718, 
                "pressao": 1016.0, 
                "humidade": 67.0, 
                "localEstacao": "Leiria (Aer\u00f3dromo)", 
                "precAcumulada": 0.0, 
                "idDireccVento": 8, 
                "radiacao": 3018.4, 
                "time": "2025-08-25T13:00:00", 
                "intensidadeVento": 3.8, 
                "descDirVento": "NW"
            }
        }, 
        {
            "geometry": {
                "type": "Point", 
                "coordinates": [
                    -9.0306, 
                    39.7636
                ]
            }, 
            "type": "Feature", 
            "properties": {
                "intensidadeVentoKM": 4.7, 
                "temperatura": 20.1, 
                "idEstacao": 1210721, 
                "pressao": -99.0, 
                "humidade": 84.0, 
                "localEstacao": "S\u00e3o Pedro de Moel", 
                "precAcumulada": 0.0, 
                "idDireccVento": 8, 
                "radiacao": -99.0, 
                "time": "2025-08-25T13:00:00", 
                "intensidadeVento": 1.3, 
                "descDirVento": "NW"
            }
        }, 
        {
            "geometry": {
                "type": "Point", 
                "coordinates": [
                    -8.6489, 
                    39.6217
                ]
            }, 
            "type": "Feature", 
            "properties": {
                "intensidadeVentoKM": 16.6, 
                "temperatura": 27.2, 
                "idEstacao": 1210723, 
                "pressao": 1013.9, 
                "humidade": 45.0, 
                "localEstacao": "Our\u00e9m / F\u00e1tima", 
                "precAcumulada": -99.0, 
                "idDireccVento": 7, 
                "radiacao": -99.0, 
                "time": "2025-08-25T13:00:00", 
                "intensidadeVento": 4.6, 
                "descDirVento": "W"
            }
        }, 
        {
            "geometry": {
                "type": "Point", 
                "coordinates": [
                    -8.3667, 
                    39.6
                ]
            }, 
            "type": "Feature", 
            "properties": {
                "intensidadeVentoKM": 10.8, 
                "temperatura": 31.2, 
                "idEstacao": 1210724, 
                "pressao": -99.0, 
                "humidade": 34.0, 
                "localEstacao": "Tomar, Valdonas", 
                "precAcumulada": 0.0, 
                "idDireccVento": 8, 
                "radiacao": 3137.2, 
                "time": "2025-08-25T13:00:00", 
                "intensidadeVento": 3.0, 
                "descDirVento": "NW"
            }
        }, 
        {
            "geometry": {
                "type": "Point", 
                "coordinates": [
                    -8.9667, 
                    39.5167
                ]
            }, 
            "type": "Feature", 
            "properties": {
                "intensidadeVentoKM": 14.8, 
                "temperatura": 25.8, 
                "idEstacao": 1210726, 
                "pressao": -99.0, 
                "humidade": 57.0, 
                "localEstacao": "Alcoba\u00e7a", 
                "precAcumulada": 0.0, 
                "idDireccVento": 8, 
                "radiacao": 3070.6, 
                "time": "2025-08-25T13:00:00", 
                "intensidadeVento": 4.1, 
                "descDirVento": "NW"
            }
        }, 
        {
            "geometry": {
                "type": "Point", 
                "coordinates": [
                    -8.9333, 
                    39.35
                ]
            }, 
            "type": "Feature", 
            "properties": {
                "intensidadeVentoKM": 14.8, 
                "temperatura": 26.8, 
                "idEstacao": 1210729, 
                "pressao": -99.0, 
                "humidade": 53.0, 
                "localEstacao": "Rio Maior", 
                "precAcumulada": 0.0, 
                "idDireccVento": 8, 
                "radiacao": 2704.0, 
                "time": "2025-08-25T13:00:00", 
                "intensidadeVento": 4.1, 
                "descDirVento": "NW"
            }
        }, 
        {
            "geometry": {
                "type": "Point", 
                "coordinates": [
                    -8.7367, 
                    39.2012
                ]
            }, 
            "type": "Feature", 
            "properties": {
                "intensidadeVentoKM": 9.7, 
                "temperatura": 30.0, 
                "idEstacao": 1210734, 
                "pressao": 1014.6, 
                "humidade": 37.0, 
                "localEstacao": "Santar\u00e9m, Fonte Boa", 
                "precAcumulada": 0.0, 
                "idDireccVento": 8, 
                "radiacao": 2743.7, 
                "time": "2025-08-25T13:00:00", 
                "intensidadeVento": 2.7, 
                "descDirVento": "NW"
            }
        }, 
        {
            "geometry": {
                "type": "Point", 
                "coordinates": [
                    -9.179, 
                    39.0439
                ]
            }, 
            "type": "Feature", 
            "properties": {
                "intensidadeVentoKM": 16.9, 
                "temperatura": 26.6, 
                "idEstacao": 1210739, 
                "pressao": -99.0, 
                "humidade": 52.0, 
                "localEstacao": "Torres Vedras, Dois Portos", 
                "precAcumulada": 0.0, 
                "idDireccVento": 8, 
                "radiacao": 3160.4, 
                "time": "2025-08-25T13:00:00", 
                "intensidadeVento": 4.7, 
                "descDirVento": "NW"
            }
        }, 
        {
            "geometry": {
                "type": "Point", 
                "coordinates": [
                    -8.5107, 
                    38.941
                ]
            }, 
            "type": "Feature", 
            "properties": {
                "intensidadeVentoKM": 11.2, 
                "temperatura": 30.0, 
                "idEstacao": 1210744, 
                "pressao": -99.0, 
                "humidade": -99.0, 
                "localEstacao": "Coruche (Est. de Regadio - I.N.I.A.)", 
                "precAcumulada": 0.0, 
                "idDireccVento": 7, 
                "radiacao": 3026.3, 
                "time": "2025-08-25T13:00:00", 
                "intensidadeVento": 3.1, 
                "descDirVento": "W"
            }
        }, 
        {
            "geometry": {
                "type": "Point", 
                "coordinates": [
                    -9.379, 
                    39.1259
                ]
            }, 
            "type": "Feature", 
            "properties": {
                "intensidadeVentoKM": 19.8, 
                "temperatura": 21.6, 
                "idEstacao": 1210746, 
                "pressao": 1016.3, 
                "humidade": 72.0, 
                "localEstacao": "Santa Cruz (Aer\u00f3dromo)", 
                "precAcumulada": 0.0, 
                "idDireccVento": 8, 
                "radiacao": 975.3, 
                "time": "2025-08-25T13:00:00", 
                "intensidadeVento": 5.5, 
                "descDirVento": "NW"
            }
        }, 
        {
            "geometry": {
                "type": "Point", 
                "coordinates": [
                    -9.46, 
                    38.8126
                ]
            }, 
            "type": "Feature", 
            "properties": {
                "intensidadeVentoKM": -99.0, 
                "temperatura": -99.0, 
                "idEstacao": 1210747, 
                "pressao": -99.0, 
                "humidade": -99.0, 
                "localEstacao": "Sintra, Colares", 
                "precAcumulada": 0.0, 
                "idDireccVento": 0, 
                "radiacao": -99.0, 
                "time": "2025-08-25T13:00:00", 
                "intensidadeVento": -99.0, 
                "descDirVento": "---"
            }
        }, 
        {
            "geometry": {
                "type": "Point", 
                "coordinates": [
                    -9.4975, 
                    38.7817
                ]
            }, 
            "type": "Feature", 
            "properties": {
                "intensidadeVentoKM": 40.7, 
                "temperatura": 19.8, 
                "idEstacao": 1210750, 
                "pressao": -99.0, 
                "humidade": 82.0, 
                "localEstacao": "Cabo da Roca", 
                "precAcumulada": 0.0, 
                "idDireccVento": 9, 
                "radiacao": 3316.5, 
                "time": "2025-08-25T13:00:00", 
                "intensidadeVento": 11.3, 
                "descDirVento": "N"
            }
        }, 
        {
            "geometry": {
                "type": "Point", 
                "coordinates": [
                    -9.4004, 
                    38.7817
                ]
            }, 
            "type": "Feature", 
            "properties": {
                "intensidadeVentoKM": 15.5, 
                "temperatura": 19.7, 
                "idEstacao": 1210752, 
                "pressao": -99.0, 
                "humidade": 76.0, 
                "localEstacao": "Sintra/Tapada do Mouco", 
                "precAcumulada": 0.0, 
                "idDireccVento": 8, 
                "radiacao": -99.0, 
                "time": "2025-08-25T13:00:00", 
                "intensidadeVento": 4.3, 
                "descDirVento": "NW"
            }
        }, 
        {
            "geometry": {
                "type": "Point", 
                "coordinates": [
                    -9.1828, 
                    38.7096
                ]
            }, 
            "type": "Feature", 
            "properties": {
                "intensidadeVentoKM": 7.9, 
                "temperatura": 27.9, 
                "idEstacao": 1210762, 
                "pressao": -99.0, 
                "humidade": 47.0, 
                "localEstacao": "Lisboa, Tapada da Ajuda", 
                "precAcumulada": 0.0, 
                "idDireccVento": 5, 
                "radiacao": 3216.8, 
                "time": "2025-08-25T13:00:00", 
                "intensidadeVento": 2.2, 
                "descDirVento": "S"
            }
        }, 
        {
            "geometry": {
                "type": "Point", 
                "coordinates": [
                    -9.4854, 
                    38.709
                ]
            }, 
            "type": "Feature", 
            "properties": {
                "intensidadeVentoKM": 23.0, 
                "temperatura": 20.0, 
                "idEstacao": 1210765, 
                "pressao": -99.0, 
                "humidade": 85.0, 
                "localEstacao": "Cabo Raso", 
                "precAcumulada": 0.0, 
                "idDireccVento": 8, 
                "radiacao": -99.0, 
                "time": "2025-08-25T13:00:00", 
                "intensidadeVento": 6.4, 
                "descDirVento": "NW"
            }
        }, 
        {
            "geometry": {
                "type": "Point", 
                "coordinates": [
                    -9.0477, 
                    38.6745
                ]
            }, 
            "type": "Feature", 
            "properties": {
                "intensidadeVentoKM": 3.2, 
                "temperatura": 27.4, 
                "idEstacao": 1210766, 
                "pressao": -99.0, 
                "humidade": 49.0, 
                "localEstacao": "Barreiro, Lavradio", 
                "precAcumulada": 0.0, 
                "idDireccVento": 9, 
                "radiacao": 3042.7, 
                "time": "2025-08-25T13:00:00", 
                "intensidadeVento": 0.9, 
                "descDirVento": "N"
            }
        }, 
        {
            "geometry": {
                "type": "Point", 
                "coordinates": [
                    -8.635, 
                    38.6508
                ]
            }, 
            "type": "Feature", 
            "properties": {
                "intensidadeVentoKM": 11.9, 
                "temperatura": 30.0, 
                "idEstacao": 1210767, 
                "pressao": -99.0, 
                "humidade": 53.0, 
                "localEstacao": "Peg\u00f5es", 
                "precAcumulada": 0.0, 
                "idDireccVento": 7, 
                "radiacao": 3346.1, 
                "time": "2025-08-25T13:00:00", 
                "intensidadeVento": 3.3, 
                "descDirVento": "W"
            }
        }, 
        {
            "geometry": {
                "type": "Point", 
                "coordinates": [
                    -8.8908, 
                    38.5485
                ]
            }, 
            "type": "Feature", 
            "properties": {
                "intensidadeVentoKM": 5.0, 
                "temperatura": 27.7, 
                "idEstacao": 1210770, 
                "pressao": -99.0, 
                "humidade": 46.0, 
                "localEstacao": "Set\u00fabal (Est. de Fruticultura)", 
                "precAcumulada": 0.0, 
                "idDireccVento": 5, 
                "radiacao": 2799.4, 
                "time": "2025-08-25T13:00:00", 
                "intensidadeVento": 1.4, 
                "descDirVento": "S"
            }
        }, 
        {
            "geometry": {
                "type": "Point", 
                "coordinates": [
                    -8.4833, 
                    38.3667
                ]
            }, 
            "type": "Feature", 
            "properties": {
                "intensidadeVentoKM": 16.2, 
                "temperatura": 29.9, 
                "idEstacao": 1210776, 
                "pressao": -99.0, 
                "humidade": 39.0, 
                "localEstacao": "Alc\u00e1cer do Sal, Barrosinha", 
                "precAcumulada": 0.0, 
                "idDireccVento": 7, 
                "radiacao": 3132.0, 
                "time": "2025-08-25T13:00:00", 
                "intensidadeVento": 4.5, 
                "descDirVento": "W"
            }
        }, 
        {
            "geometry": {
                "type": "Point", 
                "coordinates": [
                    -8.3945, 
                    37.9468
                ]
            }, 
            "type": "Feature", 
            "properties": {
                "intensidadeVentoKM": 7.9, 
                "temperatura": 32.1, 
                "idEstacao": 1210783, 
                "pressao": -99.0, 
                "humidade": 32.0, 
                "localEstacao": "Alvalade", 
                "precAcumulada": 0.0, 
                "idDireccVento": 8, 
                "radiacao": 3155.0, 
                "time": "2025-08-25T13:00:00", 
                "intensidadeVento": 2.2, 
                "descDirVento": "NW"
            }
        }, 
        {
            "geometry": {
                "type": "Point", 
                "coordinates": [
                    -8.3019, 
                    37.5025
                ]
            }, 
            "type": "Feature", 
            "properties": {
                "intensidadeVentoKM": 11.5, 
                "temperatura": 30.8, 
                "idEstacao": 1210785, 
                "pressao": 1013.1, 
                "humidade": 35.0, 
                "localEstacao": "Ourique / Santana da Serra", 
                "precAcumulada": 0.0, 
                "idDireccVento": 5, 
                "radiacao": 3106.1, 
                "time": "2025-08-25T13:00:00", 
                "intensidadeVento": 3.2, 
                "descDirVento": "S"
            }
        }, 
        {
            "geometry": {
                "type": "Point", 
                "coordinates": [
                    -8.7429, 
                    37.582
                ]
            }, 
            "type": "Feature", 
            "properties": {
                "intensidadeVentoKM": 10.8, 
                "temperatura": 24.7, 
                "idEstacao": 1210788, 
                "pressao": -99.0, 
                "humidade": 62.0, 
                "localEstacao": "Zambujeira", 
                "precAcumulada": 0.0, 
                "idDireccVento": 9, 
                "radiacao": 3172.6, 
                "time": "2025-08-25T13:00:00", 
                "intensidadeVento": 3.0, 
                "descDirVento": "N"
            }
        }, 
        {
            "geometry": {
                "type": "Point", 
                "coordinates": [
                    -8.8, 
                    37.3168
                ]
            }, 
            "type": "Feature", 
            "properties": {
                "intensidadeVentoKM": 11.9, 
                "temperatura": 24.9, 
                "idEstacao": 1210789, 
                "pressao": -99.0, 
                "humidade": 62.0, 
                "localEstacao": "Aljezur", 
                "precAcumulada": 0.0, 
                "idDireccVento": 1, 
                "radiacao": 3208.1, 
                "time": "2025-08-25T13:00:00", 
                "intensidadeVento": 3.3, 
                "descDirVento": "N"
            }
        }, 
        {
            "geometry": {
                "type": "Point", 
                "coordinates": [
                    -8.5957, 
                    37.3143
                ]
            }, 
            "type": "Feature", 
            "properties": {
                "intensidadeVentoKM": 16.9, 
                "temperatura": 23.8, 
                "idEstacao": 1210790, 
                "pressao": -99.0, 
                "humidade": 53.0, 
                "localEstacao": "Fo\u00eda", 
                "precAcumulada": 0.0, 
                "idDireccVento": 8, 
                "radiacao": 3533.7, 
                "time": "2025-08-25T13:00:00", 
                "intensidadeVento": 4.7, 
                "descDirVento": "NW"
            }
        }, 
        {
            "geometry": {
                "type": "Point", 
                "coordinates": [
                    -7.0369, 
                    40.3392
                ]
            }, 
            "type": "Feature", 
            "properties": {
                "intensidadeVentoKM": 7.2, 
                "temperatura": 29.9, 
                "idEstacao": 1210800, 
                "pressao": -99.0, 
                "humidade": 29.0, 
                "localEstacao": "Sabugal, Martim Rei", 
                "precAcumulada": 0.0, 
                "idDireccVento": 4, 
                "radiacao": -99.0, 
                "time": "2025-08-25T13:00:00", 
                "intensidadeVento": 2.0, 
                "descDirVento": "SE"
            }
        }, 
        {
            "geometry": {
                "type": "Point", 
                "coordinates": [
                    -7.0167, 
                    39.8667
                ]
            }, 
            "type": "Feature", 
            "properties": {
                "intensidadeVentoKM": 6.1, 
                "temperatura": 33.0, 
                "idEstacao": 1210803, 
                "pressao": -99.0, 
                "humidade": 26.0, 
                "localEstacao": "Zebreira", 
                "precAcumulada": 0.0, 
                "idDireccVento": 1, 
                "radiacao": 3240.7, 
                "time": "2025-08-25T13:00:00", 
                "intensidadeVento": 1.7, 
                "descDirVento": "N"
            }
        }, 
        {
            "geometry": {
                "type": "Point", 
                "coordinates": [
                    -7.8667, 
                    39.7333
                ]
            }, 
            "type": "Feature", 
            "properties": {
                "intensidadeVentoKM": 6.1, 
                "temperatura": 32.1, 
                "idEstacao": 1210806, 
                "pressao": -99.0, 
                "humidade": 25.0, 
                "localEstacao": "Proen\u00e7a-a-Nova, P.Moitas", 
                "precAcumulada": 0.0, 
                "idDireccVento": 5, 
                "radiacao": 2683.0, 
                "time": "2025-08-25T13:00:00", 
                "intensidadeVento": 1.7, 
                "descDirVento": "S"
            }
        }, 
        {
            "geometry": {
                "type": "Point", 
                "coordinates": [
                    -8.05, 
                    39.4667
                ]
            }, 
            "type": "Feature", 
            "properties": {
                "intensidadeVentoKM": 7.2, 
                "temperatura": 32.8, 
                "idEstacao": 1210812, 
                "pressao": -99.0, 
                "humidade": 31.0, 
                "localEstacao": "Alvega", 
                "precAcumulada": 0.0, 
                "idDireccVento": 7, 
                "radiacao": -99.0, 
                "time": "2025-08-25T13:00:00", 
                "intensidadeVento": 2.0, 
                "descDirVento": "W"
            }
        }, 
        {
            "geometry": {
                "type": "Point", 
                "coordinates": [
                    -7.8667, 
                    39.1
                ]
            }, 
            "type": "Feature", 
            "properties": {
                "intensidadeVentoKM": 7.9, 
                "temperatura": 31.6, 
                "idEstacao": 1210824, 
                "pressao": -99.0, 
                "humidade": 30.0, 
                "localEstacao": "Avis, Benavila (Esc. Abreu Callado)", 
                "precAcumulada": 0.0, 
                "idDireccVento": 7, 
                "radiacao": 2842.0, 
                "time": "2025-08-25T13:00:00", 
                "intensidadeVento": 2.2, 
                "descDirVento": "W"
            }
        }, 
        {
            "geometry": {
                "type": "Point", 
                "coordinates": [
                    -8.1641, 
                    38.9407
                ]
            }, 
            "type": "Feature", 
            "properties": {
                "intensidadeVentoKM": 7.6, 
                "temperatura": 29.7, 
                "idEstacao": 1210826, 
                "pressao": -99.0, 
                "humidade": 34.0, 
                "localEstacao": "Mora", 
                "precAcumulada": 0.0, 
                "idDireccVento": 9, 
                "radiacao": 3317.1, 
                "time": "2025-08-25T13:00:00", 
                "intensidadeVento": 2.1, 
                "descDirVento": "N"
            }
        }, 
        {
            "geometry": {
                "type": "Point", 
                "coordinates": [
                    -7.1398, 
                    38.8908
                ]
            }, 
            "type": "Feature", 
            "properties": {
                "intensidadeVentoKM": 5.0, 
                "temperatura": 32.4, 
                "idEstacao": 1210835, 
                "pressao": -99.0, 
                "humidade": 30.0, 
                "localEstacao": "Elvas", 
                "precAcumulada": 0.0, 
                "idDireccVento": 4, 
                "radiacao": 3114.6, 
                "time": "2025-08-25T13:00:00", 
                "intensidadeVento": 1.4, 
                "descDirVento": "SE"
            }
        }, 
        {
            "geometry": {
                "type": "Point", 
                "coordinates": [
                    -7.5167, 
                    38.8667
                ]
            }, 
            "type": "Feature", 
            "properties": {
                "intensidadeVentoKM": -99.0, 
                "temperatura": 30.4, 
                "idEstacao": 1210837, 
                "pressao": -99.0, 
                "humidade": 38.0, 
                "localEstacao": "Estremoz", 
                "precAcumulada": 0.0, 
                "idDireccVento": 0, 
                "radiacao": 3191.1, 
                "time": "2025-08-25T13:00:00", 
                "intensidadeVento": -99.0, 
                "descDirVento": "---"
            }
        }, 
        {
            "geometry": {
                "type": "Point", 
                "coordinates": [
                    -7.4729, 
                    38.4849
                ]
            }, 
            "type": "Feature", 
            "properties": {
                "intensidadeVentoKM": 6.5, 
                "temperatura": 32.5, 
                "idEstacao": 1210840, 
                "pressao": -99.0, 
                "humidade": 30.0, 
                "localEstacao": "Reguengos, S.Pedro do Corval", 
                "precAcumulada": 0.0, 
                "idDireccVento": 3, 
                "radiacao": 3158.9, 
                "time": "2025-08-25T13:00:00", 
                "intensidadeVento": 1.8, 
                "descDirVento": "E"
            }
        }, 
        {
            "geometry": {
                "type": "Point", 
                "coordinates": [
                    -8.1991, 
                    38.6451
                ]
            }, 
            "type": "Feature", 
            "properties": {
                "intensidadeVentoKM": 12.6, 
                "temperatura": 29.5, 
                "idEstacao": 1210846, 
                "pressao": 1014.7, 
                "humidade": 38.0, 
                "localEstacao": "Montemor-O-Novo", 
                "precAcumulada": 0.0, 
                "idDireccVento": 8, 
                "radiacao": -99.0, 
                "time": "2025-08-25T13:00:00", 
                "intensidadeVento": 3.5, 
                "descDirVento": "NW"
            }
        }, 
        {
            "geometry": {
                "type": "Point", 
                "coordinates": [
                    -8.0455, 
                    38.3319
                ]
            }, 
            "type": "Feature", 
            "properties": {
                "intensidadeVentoKM": 11.5, 
                "temperatura": 31.5, 
                "idEstacao": 1210847, 
                "pressao": -99.0, 
                "humidade": 26.0, 
                "localEstacao": "Viana do Alentejo", 
                "precAcumulada": 0.0, 
                "idDireccVento": 9, 
                "radiacao": 3244.7, 
                "time": "2025-08-25T13:00:00", 
                "intensidadeVento": 3.2, 
                "descDirVento": "N"
            }
        }, 
        {
            "geometry": {
                "type": "Point", 
                "coordinates": [
                    -7.8667, 
                    38.3167
                ]
            }, 
            "type": "Feature", 
            "properties": {
                "intensidadeVentoKM": 9.7, 
                "temperatura": 32.4, 
                "idEstacao": 1210848, 
                "pressao": -99.0, 
                "humidade": 31.0, 
                "localEstacao": "Portel, Oriola", 
                "precAcumulada": 0.0, 
                "idDireccVento": 8, 
                "radiacao": -99.0, 
                "time": "2025-08-25T13:00:00", 
                "intensidadeVento": 2.7, 
                "descDirVento": "NW"
            }
        }, 
        {
            "geometry": {
                "type": "Point", 
                "coordinates": [
                    -7.2261, 
                    38.2007
                ]
            }, 
            "type": "Feature", 
            "properties": {
                "intensidadeVentoKM": 6.8, 
                "temperatura": 31.2, 
                "idEstacao": 1210851, 
                "pressao": 1012.4, 
                "humidade": 36.0, 
                "localEstacao": "Amareleja", 
                "precAcumulada": 0.0, 
                "idDireccVento": 1, 
                "radiacao": 3075.5, 
                "time": "2025-08-25T13:00:00", 
                "intensidadeVento": 1.9, 
                "descDirVento": "N"
            }
        }, 
        {
            "geometry": {
                "type": "Point", 
                "coordinates": [
                    -7.55, 
                    37.75
                ]
            }, 
            "type": "Feature", 
            "properties": {
                "intensidadeVentoKM": 8.3, 
                "temperatura": 31.5, 
                "idEstacao": 1210863, 
                "pressao": -99.0, 
                "humidade": 33.0, 
                "localEstacao": "M\u00e9rtola, Vale Formoso", 
                "precAcumulada": 0.0, 
                "idDireccVento": 7, 
                "radiacao": 2853.5, 
                "time": "2025-08-25T13:00:00", 
                "intensidadeVento": 2.3, 
                "descDirVento": "W"
            }
        }, 
        {
            "geometry": {
                "type": "Point", 
                "coordinates": [
                    -7.9721, 
                    37.5766
                ]
            }, 
            "type": "Feature", 
            "properties": {
                "intensidadeVentoKM": 13.3, 
                "temperatura": 31.2, 
                "idEstacao": 1210864, 
                "pressao": -99.0, 
                "humidade": 31.0, 
                "localEstacao": "Castro Verde, N.Corvo", 
                "precAcumulada": 0.0, 
                "idDireccVento": 1, 
                "radiacao": 3017.6, 
                "time": "2025-08-25T13:00:00", 
                "intensidadeVento": 3.7, 
                "descDirVento": "N"
            }
        }, 
        {
            "geometry": {
                "type": "Point", 
                "coordinates": [
                    -7.7667, 
                    37.4333
                ]
            }, 
            "type": "Feature", 
            "properties": {
                "intensidadeVentoKM": 10.1, 
                "temperatura": 30.0, 
                "idEstacao": 1210865, 
                "pressao": 1013.1, 
                "humidade": 36.0, 
                "localEstacao": "Alcoutim, Mart.Longo", 
                "precAcumulada": 0.0, 
                "idDireccVento": 9, 
                "radiacao": -99.0, 
                "time": "2025-08-25T13:00:00", 
                "intensidadeVento": 2.8, 
                "descDirVento": "N"
            }
        }, 
        {
            "geometry": {
                "type": "Point", 
                "coordinates": [
                    -7.4163, 
                    37.1871
                ]
            }, 
            "type": "Feature", 
            "properties": {
                "intensidadeVentoKM": -99.0, 
                "temperatura": 27.2, 
                "idEstacao": 1210866, 
                "pressao": -99.0, 
                "humidade": 62.0, 
                "localEstacao": "Vila Real de S.Ant\u00f3nio", 
                "precAcumulada": 0.0, 
                "idDireccVento": 0, 
                "radiacao": -99.0, 
                "time": "2025-08-25T13:00:00", 
                "intensidadeVento": -99.0, 
                "descDirVento": "---"
            }
        }, 
        {
            "geometry": {
                "type": "Point", 
                "coordinates": [
                    -7.45, 
                    37.2167
                ]
            }, 
            "type": "Feature", 
            "properties": {
                "intensidadeVentoKM": 20.2, 
                "temperatura": 27.3, 
                "idEstacao": 1210867, 
                "pressao": -99.0, 
                "humidade": 62.0, 
                "localEstacao": "Castro Marim (RN Sapal)", 
                "precAcumulada": 0.0, 
                "idDireccVento": 6, 
                "radiacao": 3166.4, 
                "time": "2025-08-25T13:00:00", 
                "intensidadeVento": 5.6, 
                "descDirVento": "SW"
            }
        }, 
        {
            "geometry": {
                "type": "Point", 
                "coordinates": [
                    -8.262, 
                    37.0935
                ]
            }, 
            "type": "Feature", 
            "properties": {
                "intensidadeVentoKM": 16.9, 
                "temperatura": 24.5, 
                "idEstacao": 1210874, 
                "pressao": -99.0, 
                "humidade": 57.0, 
                "localEstacao": "Albufeira", 
                "precAcumulada": 0.0, 
                "idDireccVento": 6, 
                "radiacao": -99.0, 
                "time": "2025-08-25T13:00:00", 
                "intensidadeVento": 4.7, 
                "descDirVento": "SW"
            }
        }, 
        {
            "geometry": {
                "type": "Point", 
                "coordinates": [
                    -8.5814, 
                    37.1492
                ]
            }, 
            "type": "Feature", 
            "properties": {
                "intensidadeVentoKM": 24.1, 
                "temperatura": 28.7, 
                "idEstacao": 1210878, 
                "pressao": 1013.7, 
                "humidade": 45.0, 
                "localEstacao": "Portim\u00e3o (Aer\u00f3dromo)", 
                "precAcumulada": 0.0, 
                "idDireccVento": 7, 
                "radiacao": 3402.5, 
                "time": "2025-08-25T13:00:00", 
                "intensidadeVento": 6.7, 
                "descDirVento": "W"
            }
        }, 
        {
            "geometry": {
                "type": "Point", 
                "coordinates": [
                    -7.821, 
                    37.033
                ]
            }, 
            "type": "Feature", 
            "properties": {
                "intensidadeVentoKM": 0.4, 
                "temperatura": 26.0, 
                "idEstacao": 1210881, 
                "pressao": 1014.3, 
                "humidade": 71.0, 
                "localEstacao": "Olh\u00e3o, EPPO", 
                "precAcumulada": 0.0, 
                "idDireccVento": 5, 
                "radiacao": -99.0, 
                "time": "2025-08-25T13:00:00", 
                "intensidadeVento": 0.1, 
                "descDirVento": "S"
            }
        }, 
        {
            "geometry": {
                "type": "Point", 
                "coordinates": [
                    -7.6205, 
                    37.1217
                ]
            }, 
            "type": "Feature", 
            "properties": {
                "intensidadeVentoKM": 15.8, 
                "temperatura": 26.9, 
                "idEstacao": 1210883, 
                "pressao": 1015.0, 
                "humidade": 66.0, 
                "localEstacao": "Tavira", 
                "precAcumulada": 0.0, 
                "idDireccVento": 6, 
                "radiacao": -99.0, 
                "time": "2025-08-25T13:00:00", 
                "intensidadeVento": 4.4, 
                "descDirVento": "SW"
            }
        }, 
        {
            "geometry": {
                "type": "Point", 
                "coordinates": [
                    -25.1501, 
                    37.8326
                ]
            }, 
            "type": "Feature", 
            "properties": {
                "intensidadeVentoKM": 10.8, 
                "temperatura": 24.2, 
                "idEstacao": 1210932, 
                "pressao": -99.0, 
                "humidade": 67.0, 
                "localEstacao": "S. Miguel, Nordeste", 
                "precAcumulada": -99.0, 
                "idDireccVento": 9, 
                "radiacao": -99.0, 
                "time": "2025-08-25T13:00:00", 
                "intensidadeVento": 3.0, 
                "descDirVento": "N"
            }
        }, 
        {
            "geometry": {
                "type": "Point", 
                "coordinates": [
                    -17.1714, 
                    32.8675
                ]
            }, 
            "type": "Feature", 
            "properties": {
                "intensidadeVentoKM": -99.0, 
                "temperatura": 24.5, 
                "idEstacao": 1210956, 
                "pressao": -99.0, 
                "humidade": 90.0, 
                "localEstacao": "Madeira, Porto Moniz", 
                "precAcumulada": 0.4, 
                "idDireccVento": 0, 
                "radiacao": 573.0, 
                "time": "2025-08-25T13:00:00", 
                "intensidadeVento": -99.0, 
                "descDirVento": "---"
            }
        }, 
        {
            "geometry": {
                "type": "Point", 
                "coordinates": [
                    -16.9062, 
                    32.8345
                ]
            }, 
            "type": "Feature", 
            "properties": {
                "intensidadeVentoKM": -99.0, 
                "temperatura": 22.5, 
                "idEstacao": 1210960, 
                "pressao": 1020.4, 
                "humidade": -99.0, 
                "localEstacao": "Madeira, S. Jorge, Santana", 
                "precAcumulada": 0.0, 
                "idDireccVento": 0, 
                "radiacao": 2465.0, 
                "time": "2025-08-25T13:00:00", 
                "intensidadeVento": -99.0, 
                "descDirVento": "---"
            }
        }, 
        {
            "geometry": {
                "type": "Point", 
                "coordinates": [
                    -16.8864, 
                    32.8082
                ]
            }, 
            "type": "Feature", 
            "properties": {
                "intensidadeVentoKM": -99.0, 
                "temperatura": 21.6, 
                "idEstacao": 1210965, 
                "pressao": -99.0, 
                "humidade": 97.0, 
                "localEstacao": "Madeira, Santana", 
                "precAcumulada": 0.0, 
                "idDireccVento": 0, 
                "radiacao": 1252.4, 
                "time": "2025-08-25T13:00:00", 
                "intensidadeVento": -99.0, 
                "descDirVento": "---"
            }
        }, 
        {
            "geometry": {
                "type": "Point", 
                "coordinates": [
                    -17.0447, 
                    32.8002
                ]
            }, 
            "type": "Feature", 
            "properties": {
                "intensidadeVentoKM": -99.0, 
                "temperatura": 23.7, 
                "idEstacao": 1210967, 
                "pressao": -99.0, 
                "humidade": 92.0, 
                "localEstacao": "Madeira, S\u00e3o Vicente", 
                "precAcumulada": 0.9, 
                "idDireccVento": 0, 
                "radiacao": 1093.9, 
                "time": "2025-08-25T13:00:00", 
                "intensidadeVento": -99.0, 
                "descDirVento": "---"
            }
        }, 
        {
            "geometry": {
                "type": "Point", 
                "coordinates": [
                    -16.904, 
                    32.6935
                ]
            }, 
            "type": "Feature", 
            "properties": {
                "intensidadeVentoKM": 7.2, 
                "temperatura": 19.5, 
                "idEstacao": 1210972, 
                "pressao": -99.0, 
                "humidade": -99.0, 
                "localEstacao": "Pico Alto", 
                "precAcumulada": 0.0, 
                "idDireccVento": 6, 
                "radiacao": 0.0, 
                "time": "2025-08-25T13:00:00", 
                "intensidadeVento": 2.0, 
                "descDirVento": "SW"
            }
        }, 
        {
            "geometry": {
                "type": "Point", 
                "coordinates": [
                    -16.9167, 
                    32.7167
                ]
            }, 
            "type": "Feature", 
            "properties": {
                "intensidadeVentoKM": 20.9, 
                "temperatura": 15.5, 
                "idEstacao": 1210973, 
                "pressao": -99.0, 
                "humidade": 99.0, 
                "localEstacao": "Madeira, Areeiro", 
                "precAcumulada": 0.5, 
                "idDireccVento": 2, 
                "radiacao": 1756.6, 
                "time": "2025-08-25T13:00:00", 
                "intensidadeVento": 5.8, 
                "descDirVento": "NE"
            }
        }, 
        {
            "geometry": {
                "type": "Point", 
                "coordinates": [
                    -16.9283, 
                    32.7351
                ]
            }, 
            "type": "Feature", 
            "properties": {
                "intensidadeVentoKM": -99.0, 
                "temperatura": 14.6, 
                "idEstacao": 1210974, 
                "pressao": -99.0, 
                "humidade": 100.0, 
                "localEstacao": "Madeira, Pico do Areeiro", 
                "precAcumulada": 1.0, 
                "idDireccVento": 0, 
                "radiacao": -99.0, 
                "time": "2025-08-25T13:00:00", 
                "intensidadeVento": -99.0, 
                "descDirVento": "---"
            }
        }, 
        {
            "geometry": {
                "type": "Point", 
                "coordinates": [
                    -16.9069, 
                    32.6758
                ]
            }, 
            "type": "Feature", 
            "properties": {
                "intensidadeVentoKM": 5.8, 
                "temperatura": 25.4, 
                "idEstacao": 1210976, 
                "pressao": -99.0, 
                "humidade": 68.0, 
                "localEstacao": "Monte ", 
                "precAcumulada": 0.0, 
                "idDireccVento": 5, 
                "radiacao": 2957.7, 
                "time": "2025-08-25T13:00:00", 
                "intensidadeVento": 1.6, 
                "descDirVento": "S"
            }
        }, 
        {
            "geometry": {
                "type": "Point", 
                "coordinates": [
                    -16.8657, 
                    32.645
                ]
            }, 
            "type": "Feature", 
            "properties": {
                "intensidadeVentoKM": 8.3, 
                "temperatura": 26.5, 
                "idEstacao": 1210977, 
                "pressao": -99.0, 
                "humidade": 68.0, 
                "localEstacao": "Madeira, Cancela, Funchal", 
                "precAcumulada": 0.0, 
                "idDireccVento": 8, 
                "radiacao": 3435.9, 
                "time": "2025-08-25T13:00:00", 
                "intensidadeVento": 2.3, 
                "descDirVento": "NW"
            }
        }, 
        {
            "geometry": {
                "type": "Point", 
                "coordinates": [
                    -16.706, 
                    32.747
                ]
            }, 
            "type": "Feature", 
            "properties": {
                "intensidadeVentoKM": 32.0, 
                "temperatura": 23.4, 
                "idEstacao": 1210978, 
                "pressao": -99.0, 
                "humidade": 95.0, 
                "localEstacao": "Madeira, Cani\u00e7al, S. Louren\u00e7o", 
                "precAcumulada": 0.0, 
                "idDireccVento": 9, 
                "radiacao": 1965.8, 
                "time": "2025-08-25T13:00:00", 
                "intensidadeVento": 8.9, 
                "descDirVento": "N"
            }
        }, 
        {
            "geometry": {
                "type": "Point", 
                "coordinates": [
                    -17.015, 
                    32.663
                ]
            }, 
            "type": "Feature", 
            "properties": {
                "intensidadeVentoKM": -99.0, 
                "temperatura": 24.4, 
                "idEstacao": 1210984, 
                "pressao": -99.0, 
                "humidade": 55.0, 
                "localEstacao": "Madeira, Quinta Grande", 
                "precAcumulada": 0.0, 
                "idDireccVento": 0, 
                "radiacao": 2582.2, 
                "time": "2025-08-25T13:00:00", 
                "intensidadeVento": -99.0, 
                "descDirVento": "---"
            }
        }, 
        {
            "geometry": {
                "type": "Point", 
                "coordinates": [
                    -17.1042, 
                    32.6815
                ]
            }, 
            "type": "Feature", 
            "properties": {
                "intensidadeVentoKM": 6.8, 
                "temperatura": 27.8, 
                "idEstacao": 1210986, 
                "pressao": -99.0, 
                "humidade": 67.0, 
                "localEstacao": "Ponta do Sol/Lugar de Baixo", 
                "precAcumulada": 0.0, 
                "idDireccVento": 4, 
                "radiacao": 2497.8, 
                "time": "2025-08-25T13:00:00", 
                "intensidadeVento": 1.9, 
                "descDirVento": "SE"
            }
        }, 
        {
            "geometry": {
                "type": "Point", 
                "coordinates": [
                    -17.2016, 
                    32.7572
                ]
            }, 
            "type": "Feature", 
            "properties": {
                "intensidadeVentoKM": 15.1, 
                "temperatura": 22.9, 
                "idEstacao": 1210987, 
                "pressao": -99.0, 
                "humidade": 86.0, 
                "localEstacao": "Madeira, Prazeres", 
                "precAcumulada": 0.0, 
                "idDireccVento": 2, 
                "radiacao": 3341.3, 
                "time": "2025-08-25T13:00:00", 
                "intensidadeVento": 4.2, 
                "descDirVento": "NE"
            }
        }, 
        {
            "geometry": {
                "type": "Point", 
                "coordinates": [
                    -17.2632, 
                    32.8138
                ]
            }, 
            "type": "Feature", 
            "properties": {
                "intensidadeVentoKM": 14.0, 
                "temperatura": 21.6, 
                "idEstacao": 1210990, 
                "pressao": 1019.1, 
                "humidade": 97.0, 
                "localEstacao": "Madeira, Calheta", 
                "precAcumulada": 0.0, 
                "idDireccVento": 5, 
                "radiacao": 2027.4, 
                "time": "2025-08-25T13:00:00", 
                "intensidadeVento": 3.9, 
                "descDirVento": "S"
            }
        }, 
        {
            "geometry": {
                "type": "Point", 
                "coordinates": [
                    -8.6025, 
                    41.1385
                ]
            }, 
            "type": "Feature", 
            "properties": {
                "intensidadeVentoKM": 14.4, 
                "temperatura": 23.2, 
                "idEstacao": 1240546, 
                "pressao": 1014.1, 
                "humidade": 83.0, 
                "localEstacao": "Serra do Pilar", 
                "precAcumulada": 0.0, 
                "idDireccVento": 8, 
                "radiacao": -99.0, 
                "time": "2025-08-25T13:00:00", 
                "intensidadeVento": 4.0, 
                "descDirVento": "NW"
            }
        }, 
        {
            "geometry": {
                "type": "Point", 
                "coordinates": [
                    -7.7405, 
                    41.309
                ]
            }, 
            "type": "Feature", 
            "properties": {
                "intensidadeVentoKM": 5.4, 
                "temperatura": 32.7, 
                "idEstacao": 1240566, 
                "pressao": -99.0, 
                "humidade": 23.0, 
                "localEstacao": "Vila Real (Cidade)", 
                "precAcumulada": 0.0, 
                "idDireccVento": 5, 
                "radiacao": -99.0, 
                "time": "2025-08-25T13:00:00", 
                "intensidadeVento": 1.5, 
                "descDirVento": "S"
            }
        }, 
        {
            "geometry": {
                "type": "Point", 
                "coordinates": [
                    -8.8292, 
                    41.695
                ]
            }, 
            "type": "Feature", 
            "properties": {
                "intensidadeVentoKM": -99.0, 
                "temperatura": 21.0, 
                "idEstacao": 1240610, 
                "pressao": -99.0, 
                "humidade": 73.0, 
                "localEstacao": "Viana do Castelo (Cidade)", 
                "precAcumulada": 0.0, 
                "idDireccVento": 0, 
                "radiacao": -99.0, 
                "time": "2025-08-25T13:00:00", 
                "intensidadeVento": -99.0, 
                "descDirVento": "---"
            }
        }, 
        {
            "geometry": {
                "type": "Point", 
                "coordinates": [
                    -7.904, 
                    40.6627
                ]
            }, 
            "type": "Feature", 
            "properties": {
                "intensidadeVentoKM": -99.0, 
                "temperatura": 31.9, 
                "idEstacao": 1240675, 
                "pressao": -99.0, 
                "humidade": 26.0, 
                "localEstacao": "Viseu (Cidade)", 
                "precAcumulada": 0.0, 
                "idDireccVento": 0, 
                "radiacao": -99.0, 
                "time": "2025-08-25T13:00:00", 
                "intensidadeVento": -99.0, 
                "descDirVento": "---"
            }
        }, 
        {
            "geometry": {
                "type": "Point", 
                "coordinates": [
                    -8.626, 
                    41.1526
                ]
            }, 
            "type": "Feature", 
            "properties": {
                "intensidadeVentoKM": -99.0, 
                "temperatura": 22.2, 
                "idEstacao": 1240903, 
                "pressao": -99.0, 
                "humidade": 74.0, 
                "localEstacao": "Porto, Massarelos", 
                "precAcumulada": 0.0, 
                "idDireccVento": 0, 
                "radiacao": -99.0, 
                "time": "2025-08-25T13:00:00", 
                "intensidadeVento": -99.0, 
                "descDirVento": "---"
            }
        }, 
        {
            "geometry": {
                "type": "Point", 
                "coordinates": [
                    -16.9356, 
                    32.6365
                ]
            }, 
            "type": "Feature", 
            "properties": {
                "intensidadeVentoKM": 5.4, 
                "temperatura": 26.0, 
                "idEstacao": 1240971, 
                "pressao": -99.0, 
                "humidade": 73.0, 
                "localEstacao": "Funchal, Lido", 
                "precAcumulada": 0.0, 
                "idDireccVento": 5, 
                "radiacao": 2746.9, 
                "time": "2025-08-25T13:00:00", 
                "intensidadeVento": 1.5, 
                "descDirVento": "S"
            }
        }, 
        {
            "geometry": {
                "type": "Point", 
                "coordinates": [
                    -8.179, 
                    40.0933
                ]
            }, 
            "type": "Feature", 
            "properties": {
                "intensidadeVentoKM": 9.0, 
                "temperatura": 21.9, 
                "idEstacao": 1259201, 
                "pressao": -99.0, 
                "humidade": 58.0, 
                "localEstacao": "Lous\u00e3/Trevim", 
                "precAcumulada": 0.0, 
                "idDireccVento": 7, 
                "radiacao": -99.0, 
                "time": "2025-08-25T13:00:00", 
                "intensidadeVento": 2.5, 
                "descDirVento": "W"
            }
        }, 
        {
            "geometry": {
                "type": "Point", 
                "coordinates": [
                    -8.2048, 
                    40.0809
                ]
            }, 
            "type": "Feature", 
            "properties": {
                "intensidadeVentoKM": 4.7, 
                "temperatura": 24.7, 
                "idEstacao": 1259202, 
                "pressao": 1014.9, 
                "humidade": 57.0, 
                "localEstacao": "Lous\u00e3/Candal", 
                "precAcumulada": 0.0, 
                "idDireccVento": 1, 
                "radiacao": -99.0, 
                "time": "2025-08-25T13:00:00", 
                "intensidadeVento": 1.3, 
                "descDirVento": "N"
            }
        }, 
        {
            "geometry": {
                "type": "Point", 
                "coordinates": [
                    -7.6861, 
                    40.4552
                ]
            }, 
            "type": "Feature", 
            "properties": {
                "intensidadeVentoKM": 6.8, 
                "temperatura": 29.5, 
                "idEstacao": 1259203, 
                "pressao": 1014.4, 
                "humidade": 41.0, 
                "localEstacao": "Seia/Aer\u00f3dromo", 
                "precAcumulada": 0.0, 
                "idDireccVento": 7, 
                "radiacao": -99.0, 
                "time": "2025-08-25T13:00:00", 
                "intensidadeVento": 1.9, 
                "descDirVento": "W"
            }
        }, 
        {
            "geometry": {
                "type": "Point", 
                "coordinates": [
                    -7.6734, 
                    40.4128
                ]
            }, 
            "type": "Feature", 
            "properties": {
                "intensidadeVentoKM": 6.8, 
                "temperatura": 24.5, 
                "idEstacao": 1259204, 
                "pressao": 1014.2, 
                "humidade": 48.0, 
                "localEstacao": "Seia/Senhora do Espinheiro", 
                "precAcumulada": 0.0, 
                "idDireccVento": 8, 
                "radiacao": -99.0, 
                "time": "2025-08-25T13:00:00", 
                "intensidadeVento": 1.9, 
                "descDirVento": "NW"
            }
        }, 
        {
            "geometry": {
                "type": "Point", 
                "coordinates": [
                    -8.7825, 
                    38.7627
                ]
            }, 
            "type": "Feature", 
            "properties": {
                "intensidadeVentoKM": 9.0, 
                "temperatura": 29.1, 
                "idEstacao": 5210758, 
                "pressao": -99.0, 
                "humidade": 41.0, 
                "localEstacao": "Alcochete / Campo Tiro", 
                "precAcumulada": 0.0, 
                "idDireccVento": 9, 
                "radiacao": -99.0, 
                "time": "2025-08-25T13:00:00", 
                "intensidadeVento": 2.5, 
                "descDirVento": "N"
            }
        }, 
        {
            "geometry": {
                "type": "Point", 
                "coordinates": [
                    -8.0542, 
                    39.2154
                ]
            }, 
            "type": "Feature", 
            "properties": {
                "intensidadeVentoKM": 8.6, 
                "temperatura": 31.6, 
                "idEstacao": 6210817, 
                "pressao": 1013.4, 
                "humidade": 32.0, 
                "localEstacao": "Ponte de S\u00f4r / Aer\u00f3dromo", 
                "precAcumulada": -99.0, 
                "idDireccVento": 8, 
                "radiacao": -99.0, 
                "time": "2025-08-25T13:00:00", 
                "intensidadeVento": 2.4, 
                "descDirVento": "NW"
            }
        }, 
        {
            "geometry": {
                "type": "Point", 
                "coordinates": [
                    -8.0652, 
                    37.1299
                ]
            }, 
            "type": "Feature", 
            "properties": {
                "intensidadeVentoKM": 10.8, 
                "temperatura": 26.4, 
                "idEstacao": 6210872, 
                "pressao": 1014.2, 
                "humidade": 52.0, 
                "localEstacao": "Loul\u00e9 (CML)", 
                "precAcumulada": -99.0, 
                "idDireccVento": 5, 
                "radiacao": -99.0, 
                "time": "2025-08-25T13:00:00", 
                "intensidadeVento": 3.0, 
                "descDirVento": "S"
            }
        }, 
        {
            "geometry": {
                "type": "Point", 
                "coordinates": [
                    -8.5295, 
                    37.1167
                ]
            }, 
            "type": "Feature", 
            "properties": {
                "intensidadeVentoKM": 9.4, 
                "temperatura": 23.4, 
                "idEstacao": 6210879, 
                "pressao": -99.0, 
                "humidade": 72.0, 
                "localEstacao": "Portim\u00e3o, Praia da Rocha", 
                "precAcumulada": 0.0, 
                "idDireccVento": 7, 
                "radiacao": -99.0, 
                "time": "2025-08-25T13:00:00", 
                "intensidadeVento": 2.6, 
                "descDirVento": "W"
            }
        }, 
        {
            "geometry": {
                "type": "Point", 
                "coordinates": [
                    -8.4219, 
                    42.0429
                ]
            }, 
            "type": "Feature", 
            "properties": {
                "intensidadeVentoKM": 13.3, 
                "temperatura": 26.0, 
                "idEstacao": 6211211, 
                "pressao": 1014.1, 
                "humidade": 47.0, 
                "localEstacao": "Mon\u00e7\u00e3o - Guimil", 
                "precAcumulada": -99.0, 
                "idDireccVento": 7, 
                "radiacao": -99.0, 
                "time": "2025-08-25T13:00:00", 
                "intensidadeVento": 3.7, 
                "descDirVento": "W"
            }
        }, 
        {
            "geometry": {
                "type": "Point", 
                "coordinates": [
                    -8.4921, 
                    41.9134
                ]
            }, 
            "type": "Feature", 
            "properties": {
                "intensidadeVentoKM": 4.7, 
                "temperatura": 26.5, 
                "idEstacao": 6211213, 
                "pressao": 1013.8, 
                "humidade": 50.0, 
                "localEstacao": "Paredes De Coura - Vasc\u00f5es", 
                "precAcumulada": -99.0, 
                "idDireccVento": 6, 
                "radiacao": -99.0, 
                "time": "2025-08-25T13:00:00", 
                "intensidadeVento": 1.3, 
                "descDirVento": "SW"
            }
        }, 
        {
            "geometry": {
                "type": "Point", 
                "coordinates": [
                    -8.4437, 
                    41.831
                ]
            }, 
            "type": "Feature", 
            "properties": {
                "intensidadeVentoKM": 13.3, 
                "temperatura": 25.7, 
                "idEstacao": 6211216, 
                "pressao": 1015.0, 
                "humidade": 55.0, 
                "localEstacao": "Arcos De Valdevez - Heliporto", 
                "precAcumulada": 0.0, 
                "idDireccVento": 6, 
                "radiacao": 0.0, 
                "time": "2025-08-25T13:00:00", 
                "intensidadeVento": 3.7, 
                "descDirVento": "SW"
            }
        }, 
        {
            "geometry": {
                "type": "Point", 
                "coordinates": [
                    -8.5224, 
                    41.6981
                ]
            }, 
            "type": "Feature", 
            "properties": {
                "intensidadeVentoKM": 5.8, 
                "temperatura": 25.8, 
                "idEstacao": 6211218, 
                "pressao": 1014.3, 
                "humidade": 59.0, 
                "localEstacao": "Ponte De Lima - Anais", 
                "precAcumulada": 0.0, 
                "idDireccVento": 6, 
                "radiacao": -99.0, 
                "time": "2025-08-25T13:00:00", 
                "intensidadeVento": 1.6, 
                "descDirVento": "SW"
            }
        }, 
        {
            "geometry": {
                "type": "Point", 
                "coordinates": [
                    -8.3181, 
                    41.7023
                ]
            }, 
            "type": "Feature", 
            "properties": {
                "intensidadeVentoKM": 8.6, 
                "temperatura": 24.4, 
                "idEstacao": 6212121, 
                "pressao": 1015.0, 
                "humidade": 64.0, 
                "localEstacao": "Terras de Bouro/Barral (CIM)", 
                "precAcumulada": 0.0, 
                "idDireccVento": 7, 
                "radiacao": 3095.4, 
                "time": "2025-08-25T13:00:00", 
                "intensidadeVento": 2.4, 
                "descDirVento": "W"
            }
        }, 
        {
            "geometry": {
                "type": "Point", 
                "coordinates": [
                    -8.3798, 
                    41.668
                ]
            }, 
            "type": "Feature", 
            "properties": {
                "intensidadeVentoKM": 6.5, 
                "temperatura": 27.2, 
                "idEstacao": 6212122, 
                "pressao": 1016.1, 
                "humidade": 58.0, 
                "localEstacao": "Amares Caldelas (CIM)", 
                "precAcumulada": 0.0, 
                "idDireccVento": 6, 
                "radiacao": 3018.0, 
                "time": "2025-08-25T13:00:00", 
                "intensidadeVento": 1.8, 
                "descDirVento": "SW"
            }
        }, 
        {
            "geometry": {
                "type": "Point", 
                "coordinates": [
                    -8.434, 
                    41.6469
                ]
            }, 
            "type": "Feature", 
            "properties": {
                "intensidadeVentoKM": 5.0, 
                "temperatura": 27.0, 
                "idEstacao": 6212123, 
                "pressao": 1016.8, 
                "humidade": 64.0, 
                "localEstacao": "Vila Verde (CIM)", 
                "precAcumulada": -99.0, 
                "idDireccVento": 5, 
                "radiacao": 3023.4, 
                "time": "2025-08-25T13:00:00", 
                "intensidadeVento": 1.4, 
                "descDirVento": "S"
            }
        }, 
        {
            "geometry": {
                "type": "Point", 
                "coordinates": [
                    -8.4251, 
                    41.5357
                ]
            }, 
            "type": "Feature", 
            "properties": {
                "intensidadeVentoKM": 7.9, 
                "temperatura": 26.1, 
                "idEstacao": 6212124, 
                "pressao": 1017.4, 
                "humidade": 55.0, 
                "localEstacao": "Braga (CIM)", 
                "precAcumulada": 0.0, 
                "idDireccVento": 8, 
                "radiacao": 2964.0, 
                "time": "2025-08-25T13:00:00", 
                "intensidadeVento": 2.2, 
                "descDirVento": "NW"
            }
        }, 
        {
            "geometry": {
                "type": "Point", 
                "coordinates": [
                    -8.6271, 
                    41.5294
                ]
            }, 
            "type": "Feature", 
            "properties": {
                "intensidadeVentoKM": 14.4, 
                "temperatura": 24.1, 
                "idEstacao": 6212125, 
                "pressao": 1016.6, 
                "humidade": 66.0, 
                "localEstacao": "Barcelos (CIM)", 
                "precAcumulada": 0.0, 
                "idDireccVento": 6, 
                "radiacao": 2263.8, 
                "time": "2025-08-25T13:00:00", 
                "intensidadeVento": 4.0, 
                "descDirVento": "SW"
            }
        }, 
        {
            "geometry": {
                "type": "Point", 
                "coordinates": [
                    -8.7798, 
                    41.5265
                ]
            }, 
            "type": "Feature", 
            "properties": {
                "intensidadeVentoKM": 13.7, 
                "temperatura": 18.7, 
                "idEstacao": 6212126, 
                "pressao": 1016.9, 
                "humidade": 98.0, 
                "localEstacao": "Esposende (CIM)", 
                "precAcumulada": 0.0, 
                "idDireccVento": 7, 
                "radiacao": 1988.4, 
                "time": "2025-08-25T13:00:00", 
                "intensidadeVento": 3.8, 
                "descDirVento": "W"
            }
        }, 
        {
            "geometry": {
                "type": "Point", 
                "coordinates": [
                    -8.5219, 
                    41.3882
                ]
            }, 
            "type": "Feature", 
            "properties": {
                "intensidadeVentoKM": 12.6, 
                "temperatura": 26.0, 
                "idEstacao": 6212410, 
                "pressao": -99.0, 
                "humidade": 62.0, 
                "localEstacao": "Vila Nova Famalic\u00e3o (CIM)", 
                "precAcumulada": 0.0, 
                "idDireccVento": 6, 
                "radiacao": -99.0, 
                "time": "2025-08-25T13:00:00", 
                "intensidadeVento": 3.5, 
                "descDirVento": "SW"
            }
        }, 
        {
            "geometry": {
                "type": "Point", 
                "coordinates": [
                    -7.9263, 
                    40.4672
                ]
            }, 
            "type": "Feature", 
            "properties": {
                "intensidadeVentoKM": 9.7, 
                "temperatura": 28.4, 
                "idEstacao": 6213012, 
                "pressao": -99.0, 
                "humidade": 47.0, 
                "localEstacao": "Carregal do Sal(CIM)", 
                "precAcumulada": 0.0, 
                "idDireccVento": 7, 
                "radiacao": -99.0, 
                "time": "2025-08-25T13:00:00", 
                "intensidadeVento": 2.7, 
                "descDirVento": "W"
            }
        }, 
        {
            "geometry": {
                "type": "Point", 
                "coordinates": [
                    -7.8832, 
                    40.9809
                ]
            }, 
            "type": "Feature", 
            "properties": {
                "intensidadeVentoKM": 15.1, 
                "temperatura": 27.9, 
                "idEstacao": 6213013, 
                "pressao": -99.0, 
                "humidade": 27.0, 
                "localEstacao": "Castro Daire / M\u00e9zio (CIM)", 
                "precAcumulada": -99.0, 
                "idDireccVento": 5, 
                "radiacao": -99.0, 
                "time": "2025-08-25T13:00:00", 
                "intensidadeVento": 4.2, 
                "descDirVento": "S"
            }
        }, 
        {
            "geometry": {
                "type": "Point", 
                "coordinates": [
                    -7.6084, 
                    40.611
                ]
            }, 
            "type": "Feature", 
            "properties": {
                "intensidadeVentoKM": 10.4, 
                "temperatura": 32.0, 
                "idEstacao": 6213014, 
                "pressao": -99.0, 
                "humidade": 27.0, 
                "localEstacao": "Mangualde / Ch\u00e3s de Tavares  (CIM)", 
                "precAcumulada": 0.0, 
                "idDireccVento": 6, 
                "radiacao": -99.0, 
                "time": "2025-08-25T13:00:00", 
                "intensidadeVento": 2.9, 
                "descDirVento": "SW"
            }
        }, 
        {
            "geometry": {
                "type": "Point", 
                "coordinates": [
                    -8.2013, 
                    40.7169
                ]
            }, 
            "type": "Feature", 
            "properties": {
                "intensidadeVentoKM": 11.5, 
                "temperatura": 25.5, 
                "idEstacao": 6213016, 
                "pressao": -99.0, 
                "humidade": 54.0, 
                "localEstacao": "Oliveira de Frades (CIM)", 
                "precAcumulada": -99.0, 
                "idDireccVento": 7, 
                "radiacao": -99.0, 
                "time": "2025-08-25T13:00:00", 
                "intensidadeVento": 3.2, 
                "descDirVento": "W"
            }
        }, 
        {
            "geometry": {
                "type": "Point", 
                "coordinates": [
                    -7.6966, 
                    40.6571
                ]
            }, 
            "type": "Feature", 
            "properties": {
                "intensidadeVentoKM": 9.4, 
                "temperatura": 30.5, 
                "idEstacao": 6213017, 
                "pressao": -99.0, 
                "humidade": 33.0, 
                "localEstacao": "Penalva do Castelo (CIM)", 
                "precAcumulada": 0.0, 
                "idDireccVento": 6, 
                "radiacao": -99.0, 
                "time": "2025-08-25T13:00:00", 
                "intensidadeVento": 2.6, 
                "descDirVento": "SW"
            }
        }, 
        {
            "geometry": {
                "type": "Point", 
                "coordinates": [
                    -7.7202, 
                    40.7607
                ]
            }, 
            "type": "Feature", 
            "properties": {
                "intensidadeVentoKM": 9.7, 
                "temperatura": 30.5, 
                "idEstacao": 6213020, 
                "pressao": -99.0, 
                "humidade": 23.0, 
                "localEstacao": "Sat\u00e3o (CIM)", 
                "precAcumulada": 0.0, 
                "idDireccVento": 7, 
                "radiacao": -99.0, 
                "time": "2025-08-25T13:00:00", 
                "intensidadeVento": 2.7, 
                "descDirVento": "W"
            }
        }, 
        {
            "geometry": {
                "type": "Point", 
                "coordinates": [
                    -7.7272, 
                    40.8559
                ]
            }, 
            "type": "Feature", 
            "properties": {
                "intensidadeVentoKM": 6.8, 
                "temperatura": 30.2, 
                "idEstacao": 6213022, 
                "pressao": -99.0, 
                "humidade": 70.0, 
                "localEstacao": "Vila Nova de Paiva (CIM)", 
                "precAcumulada": 0.0, 
                "idDireccVento": 5, 
                "radiacao": -99.0, 
                "time": "2025-08-25T13:00:00", 
                "intensidadeVento": 1.9, 
                "descDirVento": "S"
            }
        }, 
        {
            "geometry": {
                "type": "Point", 
                "coordinates": [
                    -7.9744, 
                    40.2746
                ]
            }, 
            "type": "Feature", 
            "properties": {
                "intensidadeVentoKM": 10.4, 
                "temperatura": 29.1, 
                "idEstacao": 6213611, 
                "pressao": -99.0, 
                "humidade": 45.0, 
                "localEstacao": "Arganil / Aer\u00f3dromo (CIM)", 
                "precAcumulada": -99.0, 
                "idDireccVento": 6, 
                "radiacao": -99.0, 
                "time": "2025-08-25T13:00:00", 
                "intensidadeVento": 2.9, 
                "descDirVento": "SW"
            }
        }, 
        {
            "geometry": {
                "type": "Point", 
                "coordinates": [
                    -8.5776, 
                    40.3419
                ]
            }, 
            "type": "Feature", 
            "properties": {
                "intensidadeVentoKM": 9.4, 
                "temperatura": 24.9, 
                "idEstacao": 6213612, 
                "pressao": -99.0, 
                "humidade": 61.0, 
                "localEstacao": "Cantanhede / Fonte Dom Pedro (CIM)", 
                "precAcumulada": 0.0, 
                "idDireccVento": 8, 
                "radiacao": -99.0, 
                "time": "2025-08-25T13:00:00", 
                "intensidadeVento": 2.6, 
                "descDirVento": "NW"
            }
        }, 
        {
            "geometry": {
                "type": "Point", 
                "coordinates": [
                    -8.3749, 
                    40.3308
                ]
            }, 
            "type": "Feature", 
            "properties": {
                "intensidadeVentoKM": 10.8, 
                "temperatura": 25.8, 
                "idEstacao": 6213613, 
                "pressao": -99.0, 
                "humidade": 51.0, 
                "localEstacao": "Coimbra / Mata de S\u00e3o Pedro (CIM)", 
                "precAcumulada": -99.0, 
                "idDireccVento": 8, 
                "radiacao": -99.0, 
                "time": "2025-08-25T13:00:00", 
                "intensidadeVento": 3.0, 
                "descDirVento": "NW"
            }
        }, 
        {
            "geometry": {
                "type": "Point", 
                "coordinates": [
                    -8.1032, 
                    40.1716
                ]
            }, 
            "type": "Feature", 
            "properties": {
                "intensidadeVentoKM": 7.6, 
                "temperatura": -99.0, 
                "idEstacao": 6213614, 
                "pressao": -99.0, 
                "humidade": -99.0, 
                "localEstacao": "G\u00f3is / Quinta da Ribeira (CIM)", 
                "precAcumulada": -99.0, 
                "idDireccVento": 8, 
                "radiacao": -99.0, 
                "time": "2025-08-25T13:00:00", 
                "intensidadeVento": 2.1, 
                "descDirVento": "NW"
            }
        }, 
        {
            "geometry": {
                "type": "Point", 
                "coordinates": [
                    -8.4388, 
                    40.3733
                ]
            }, 
            "type": "Feature", 
            "properties": {
                "intensidadeVentoKM": 9.4, 
                "temperatura": 26.9, 
                "idEstacao": 6213615, 
                "pressao": -99.0, 
                "humidade": 50.0, 
                "localEstacao": "Mealhada / Quinta do Vale (CIM)", 
                "precAcumulada": 0.0, 
                "idDireccVento": 1, 
                "radiacao": -99.0, 
                "time": "2025-08-25T13:00:00", 
                "intensidadeVento": 2.6, 
                "descDirVento": "N"
            }
        }, 
        {
            "geometry": {
                "type": "Point", 
                "coordinates": [
                    -8.2321, 
                    40.4262
                ]
            }, 
            "type": "Feature", 
            "properties": {
                "intensidadeVentoKM": 11.9, 
                "temperatura": 27.1, 
                "idEstacao": 6213616, 
                "pressao": -99.0, 
                "humidade": 50.0, 
                "localEstacao": "Mort\u00e1gua / Aer\u00f3dromo (CIM)", 
                "precAcumulada": 0.0, 
                "idDireccVento": 8, 
                "radiacao": -99.0, 
                "time": "2025-08-25T13:00:00", 
                "intensidadeVento": 3.3, 
                "descDirVento": "NW"
            }
        }, 
        {
            "geometry": {
                "type": "Point", 
                "coordinates": [
                    -8.1987, 
                    40.2809
                ]
            }, 
            "type": "Feature", 
            "properties": {
                "intensidadeVentoKM": 10.8, 
                "temperatura": -99.0, 
                "idEstacao": 6213617, 
                "pressao": -99.0, 
                "humidade": 49.0, 
                "localEstacao": "Penacova / Hombres (CIM)", 
                "precAcumulada": 0.0, 
                "idDireccVento": 9, 
                "radiacao": -99.0, 
                "time": "2025-08-25T13:00:00", 
                "intensidadeVento": 3.0, 
                "descDirVento": "N"
            }
        }, 
        {
            "geometry": {
                "type": "Point", 
                "coordinates": [
                    -8.242, 
                    40.2114
                ]
            }, 
            "type": "Feature", 
            "properties": {
                "intensidadeVentoKM": 6.8, 
                "temperatura": 27.9, 
                "idEstacao": 6213619, 
                "pressao": -99.0, 
                "humidade": 48.0, 
                "localEstacao": "Vila Nova de Poiares (CIM)", 
                "precAcumulada": 0.0, 
                "idDireccVento": 6, 
                "radiacao": -99.0, 
                "time": "2025-08-25T13:00:00", 
                "intensidadeVento": 1.9, 
                "descDirVento": "SW"
            }
        }, 
        {
            "geometry": {
                "type": "Point", 
                "coordinates": [
                    -7.868, 
                    40.4133
                ]
            }, 
            "type": "Feature", 
            "properties": {
                "intensidadeVentoKM": 14.4, 
                "temperatura": 27.6, 
                "idEstacao": 6213620, 
                "pressao": -99.0, 
                "humidade": 42.0, 
                "localEstacao": "Oliveira do Hospital (CIM)", 
                "precAcumulada": 0.0, 
                "idDireccVento": 7, 
                "radiacao": -99.0, 
                "time": "2025-08-25T13:00:00", 
                "intensidadeVento": 4.0, 
                "descDirVento": "W"
            }
        }, 
        {
            "geometry": {
                "type": "Point", 
                "coordinates": [
                    -8.5049, 
                    40.0293
                ]
            }, 
            "type": "Feature", 
            "properties": {
                "intensidadeVentoKM": 18.0, 
                "temperatura": -99.0, 
                "idEstacao": 6213621, 
                "pressao": -99.0, 
                "humidade": -99.0, 
                "localEstacao": "Soure (CIM)", 
                "precAcumulada": 0.0, 
                "idDireccVento": 8, 
                "radiacao": -99.0, 
                "time": "2025-08-25T13:00:00", 
                "intensidadeVento": 5.0, 
                "descDirVento": "NW"
            }
        }, 
        {
            "geometry": {
                "type": "Point", 
                "coordinates": [
                    -8.1509, 
                    39.9266
                ]
            }, 
            "type": "Feature", 
            "properties": {
                "intensidadeVentoKM": 11.9, 
                "temperatura": 30.1, 
                "idEstacao": 6214119, 
                "pressao": 1013.3, 
                "humidade": 30.0, 
                "localEstacao": " Pedr\u00f3g\u00e3o Grande (CMPG)", 
                "precAcumulada": 0.0, 
                "idDireccVento": 7, 
                "radiacao": -99.0, 
                "time": "2025-08-25T13:00:00", 
                "intensidadeVento": 3.3, 
                "descDirVento": "W"
            }
        }, 
        {
            "geometry": {
                "type": "Point", 
                "coordinates": [
                    -9.1855, 
                    38.7751
                ]
            }, 
            "type": "Feature", 
            "properties": {
                "intensidadeVentoKM": 9.4, 
                "temperatura": 27.9, 
                "idEstacao": 6215302, 
                "pressao": 1014.1, 
                "humidade": 49.0, 
                "localEstacao": "Lisboa, Carnide (CML)", 
                "precAcumulada": -99.0, 
                "idDireccVento": 1, 
                "radiacao": -99.0, 
                "time": "2025-08-25T13:00:00", 
                "intensidadeVento": 2.6, 
                "descDirVento": "N"
            }
        }, 
        {
            "geometry": {
                "type": "Point", 
                "coordinates": [
                    -9.2939, 
                    38.724
                ]
            }, 
            "type": "Feature", 
            "properties": {
                "intensidadeVentoKM": 26.6, 
                "temperatura": 24.4, 
                "idEstacao": 6215360, 
                "pressao": 1013.7, 
                "humidade": 60.0, 
                "localEstacao": "Oeiras / Vila Fria", 
                "precAcumulada": 0.0, 
                "idDireccVento": 8, 
                "radiacao": 3176.8, 
                "time": "2025-08-25T13:00:00", 
                "intensidadeVento": 7.4, 
                "descDirVento": "NW"
            }
        }, 
        {
            "geometry": {
                "type": "Point", 
                "coordinates": [
                    -9.1649, 
                    38.7239
                ]
            }, 
            "type": "Feature", 
            "properties": {
                "intensidadeVentoKM": 4.3, 
                "temperatura": 31.1, 
                "idEstacao": 7240919, 
                "pressao": -99.0, 
                "humidade": 47.0, 
                "localEstacao": "Lisboa, Amoreiras (Lic. Franc\u00eas)", 
                "precAcumulada": 0.0, 
                "idDireccVento": 5, 
                "radiacao": -99.0, 
                "time": "2025-08-25T13:00:00", 
                "intensidadeVento": 1.2, 
                "descDirVento": "S"
            }
        }, 
        {
            "geometry": {
                "type": "Point", 
                "coordinates": [
                    -25.0917, 
                    36.9542
                ]
            }, 
            "type": "Feature", 
            "properties": {
                "intensidadeVentoKM": 20.9, 
                "temperatura": 21.5, 
                "idEstacao": 11217160, 
                "pressao": -99.0, 
                "humidade": 94.0, 
                "localEstacao": "Santa Maria / Praia Formosa (DRAAC)", 
                "precAcumulada": 0.1, 
                "idDireccVento": 4, 
                "radiacao": 2428.0, 
                "time": "2025-08-25T13:00:00", 
                "intensidadeVento": 5.8, 
                "descDirVento": "SE"
            }
        }, 
        {
            "geometry": {
                "type": "Point", 
                "coordinates": [
                    -25.0176, 
                    36.9412
                ]
            }, 
            "type": "Feature", 
            "properties": {
                "intensidadeVentoKM": 14.0, 
                "temperatura": 20.5, 
                "idEstacao": 11217165, 
                "pressao": -99.0, 
                "humidade": 99.0, 
                "localEstacao": "Santa Maria / Maia (DRAAC)", 
                "precAcumulada": 0.3, 
                "idDireccVento": 2, 
                "radiacao": 1281.3, 
                "time": "2025-08-25T13:00:00", 
                "intensidadeVento": 3.9, 
                "descDirVento": "NE"
            }
        }, 
        {
            "geometry": {
                "type": "Point", 
                "coordinates": [
                    -25.5618, 
                    37.8049
                ]
            }, 
            "type": "Feature", 
            "properties": {
                "intensidadeVentoKM": 14.4, 
                "temperatura": 24.7, 
                "idEstacao": 11217217, 
                "pressao": -99.0, 
                "humidade": 69.0, 
                "localEstacao": "S\u00e3o Miguel / Santana (DRAAC)", 
                "precAcumulada": 0.0, 
                "idDireccVento": 3, 
                "radiacao": 2376.0, 
                "time": "2025-08-25T13:00:00", 
                "intensidadeVento": 4.0, 
                "descDirVento": "E"
            }
        }, 
        {
            "geometry": {
                "type": "Point", 
                "coordinates": [
                    -25.772, 
                    37.8679
                ]
            }, 
            "type": "Feature", 
            "properties": {
                "intensidadeVentoKM": 18.0, 
                "temperatura": 22.9, 
                "idEstacao": 11217225, 
                "pressao": -99.0, 
                "humidade": 73.0, 
                "localEstacao": "S\u00e3o Miguel / Sete Cidades (DRAAC)", 
                "precAcumulada": 0.0, 
                "idDireccVento": 7, 
                "radiacao": 2887.0, 
                "time": "2025-08-25T13:00:00", 
                "intensidadeVento": 5.0, 
                "descDirVento": "W"
            }
        }, 
        {
            "geometry": {
                "type": "Point", 
                "coordinates": [
                    -25.3291, 
                    37.7619
                ]
            }, 
            "type": "Feature", 
            "properties": {
                "intensidadeVentoKM": 12.2, 
                "temperatura": 22.4, 
                "idEstacao": 11217255, 
                "pressao": -99.0, 
                "humidade": 71.0, 
                "localEstacao": "S\u00e3o Miguel / Lagoa das Furnas (DRAAC)", 
                "precAcumulada": 0.0, 
                "idDireccVento": 5, 
                "radiacao": 3410.4, 
                "time": "2025-08-25T13:00:00", 
                "intensidadeVento": 3.4, 
                "descDirVento": "S"
            }
        }, 
        {
            "geometry": {
                "type": "Point", 
                "coordinates": [
                    -27.3245, 
                    38.754
                ]
            }, 
            "type": "Feature", 
            "properties": {
                "intensidadeVentoKM": 2.9, 
                "temperatura": 17.7, 
                "idEstacao": 11217370, 
                "pressao": -99.0, 
                "humidade": 99.0, 
                "localEstacao": "Terceira / Ribeira das Nove (DRAAC)", 
                "precAcumulada": 0.0, 
                "idDireccVento": 6, 
                "radiacao": 870.6, 
                "time": "2025-08-25T13:00:00", 
                "intensidadeVento": 0.8, 
                "descDirVento": "SW"
            }
        }, 
        {
            "geometry": {
                "type": "Point", 
                "coordinates": [
                    -27.1031, 
                    38.7002
                ]
            }, 
            "type": "Feature", 
            "properties": {
                "intensidadeVentoKM": 14.0, 
                "temperatura": 20.0, 
                "idEstacao": 11217372, 
                "pressao": -99.0, 
                "humidade": 91.0, 
                "localEstacao": "Terceira / Serra do Cume (DRAAC)", 
                "precAcumulada": 0.0, 
                "idDireccVento": 3, 
                "radiacao": 1292.5, 
                "time": "2025-08-25T13:00:00", 
                "intensidadeVento": 3.9, 
                "descDirVento": "E"
            }
        }, 
        {
            "geometry": {
                "type": "Point", 
                "coordinates": [
                    -28.0038, 
                    39.0672
                ]
            }, 
            "type": "Feature", 
            "properties": {
                "intensidadeVentoKM": 10.1, 
                "temperatura": 22.8, 
                "idEstacao": 11217430, 
                "pressao": -99.0, 
                "humidade": 82.0, 
                "localEstacao": "Graciosa / Serra das Fontes (DRAAC)", 
                "precAcumulada": 0.0, 
                "idDireccVento": 2, 
                "radiacao": 653.4, 
                "time": "2025-08-25T13:00:00", 
                "intensidadeVento": 2.8, 
                "descDirVento": "NE"
            }
        }, 
        {
            "geometry": {
                "type": "Point", 
                "coordinates": [
                    -28.1141, 
                    38.4338
                ]
            }, 
            "type": "Feature", 
            "properties": {
                "intensidadeVentoKM": 6.1, 
                "temperatura": 18.4, 
                "idEstacao": 11217645, 
                "pressao": -99.0, 
                "humidade": 93.0, 
                "localEstacao": "Pico / Cabecinho (DRAAC)", 
                "precAcumulada": 0.0, 
                "idDireccVento": 2, 
                "radiacao": 820.1, 
                "time": "2025-08-25T13:00:00", 
                "intensidadeVento": 1.7, 
                "descDirVento": "NE"
            }
        }, 
        {
            "geometry": {
                "type": "Point", 
                "coordinates": [
                    -28.6992, 
                    38.587
                ]
            }, 
            "type": "Feature", 
            "properties": {
                "intensidadeVentoKM": -99.0, 
                "temperatura": 15.4, 
                "idEstacao": 11217710, 
                "pressao": -99.0, 
                "humidade": 99.0, 
                "localEstacao": "Faial / Alto do Cabouco (DRAAC)", 
                "precAcumulada": 0.0, 
                "idDireccVento": 2, 
                "radiacao": 969.1, 
                "time": "2025-08-25T13:00:00", 
                "intensidadeVento": -99.0, 
                "descDirVento": "NE"
            }
        }, 
        {
            "geometry": {
                "type": "Point", 
                "coordinates": [
                    -31.1301, 
                    39.4582
                ]
            }, 
            "type": "Feature", 
            "properties": {
                "intensidadeVentoKM": 20.2, 
                "temperatura": 22.4, 
                "idEstacao": 1200501, 
                "pressao": 1026.2, 
                "humidade": 62.0, 
                "localEstacao": "Flores (Aeroporto)", 
                "precAcumulada": 0.0, 
                "idDireccVento": 9, 
                "radiacao": 584.1, 
                "time": "2025-08-25T14:00:00", 
                "intensidadeVento": 5.6, 
                "descDirVento": "N"
            }
        }, 
        {
            "geometry": {
                "type": "Point", 
                "coordinates": [
                    -31.1136, 
                    39.6739
                ]
            }, 
            "type": "Feature", 
            "properties": {
                "intensidadeVentoKM": 16.2, 
                "temperatura": 23.3, 
                "idEstacao": 1200502, 
                "pressao": 1025.9, 
                "humidade": 51.0, 
                "localEstacao": "Corvo (Aer\u00f3dromo)", 
                "precAcumulada": 0.0, 
                "idDireccVento": 8, 
                "radiacao": 3274.4, 
                "time": "2025-08-25T14:00:00", 
                "intensidadeVento": 4.5, 
                "descDirVento": "NW"
            }
        }, 
        {
            "geometry": {
                "type": "Point", 
                "coordinates": [
                    -28.4414, 
                    38.5522
                ]
            }, 
            "type": "Feature", 
            "properties": {
                "intensidadeVentoKM": 12.2, 
                "temperatura": 25.0, 
                "idEstacao": 1200504, 
                "pressao": 1024.9, 
                "humidade": 61.0, 
                "localEstacao": "Pico (Aer\u00f3dromo)", 
                "precAcumulada": 0.0, 
                "idDireccVento": 2, 
                "radiacao": 2293.9, 
                "time": "2025-08-25T14:00:00", 
                "intensidadeVento": 3.4, 
                "descDirVento": "NE"
            }
        }, 
        {
            "geometry": {
                "type": "Point", 
                "coordinates": [
                    -28.7128, 
                    38.5211
                ]
            }, 
            "type": "Feature", 
            "properties": {
                "intensidadeVentoKM": 10.4, 
                "temperatura": 25.1, 
                "idEstacao": 1200505, 
                "pressao": 1024.5, 
                "humidade": 54.0, 
                "localEstacao": "Horta / Aeroporto", 
                "precAcumulada": 0.0, 
                "idDireccVento": 9, 
                "radiacao": -99.0, 
                "time": "2025-08-25T14:00:00", 
                "intensidadeVento": 2.9, 
                "descDirVento": "N"
            }
        }, 
        {
            "geometry": {
                "type": "Point", 
                "coordinates": [
                    -28.6322, 
                    38.5408
                ]
            }, 
            "type": "Feature", 
            "properties": {
                "intensidadeVentoKM": 14.0, 
                "temperatura": 26.3, 
                "idEstacao": 1200506, 
                "pressao": 1024.9, 
                "humidade": 56.0, 
                "localEstacao": "Horta (Obs. Pr\u00edncipe Alberto M\u00f3naco)", 
                "precAcumulada": 0.0, 
                "idDireccVento": 0, 
                "radiacao": 3099.0, 
                "time": "2025-08-25T14:00:00", 
                "intensidadeVento": 3.9, 
                "descDirVento": "---"
            }
        }, 
        {
            "geometry": {
                "type": "Point", 
                "coordinates": [
                    -28.0285, 
                    39.0904
                ]
            }, 
            "type": "Feature", 
            "properties": {
                "intensidadeVentoKM": 17.3, 
                "temperatura": 25.0, 
                "idEstacao": 1200507, 
                "pressao": 1024.7, 
                "humidade": 55.0, 
                "localEstacao": "Graciosa (Aer\u00f3dromo)", 
                "precAcumulada": 0.0, 
                "idDireccVento": 9, 
                "radiacao": 3244.2, 
                "time": "2025-08-25T14:00:00", 
                "intensidadeVento": 4.8, 
                "descDirVento": "N"
            }
        }, 
        {
            "geometry": {
                "type": "Point", 
                "coordinates": [
                    -28.17, 
                    38.66
                ]
            }, 
            "type": "Feature", 
            "properties": {
                "intensidadeVentoKM": 12.2, 
                "temperatura": 23.5, 
                "idEstacao": 1200510, 
                "pressao": 1024.4, 
                "humidade": 63.0, 
                "localEstacao": "S\u00e3o Jorge", 
                "precAcumulada": 0.0, 
                "idDireccVento": 2, 
                "radiacao": 2469.0, 
                "time": "2025-08-25T14:00:00", 
                "intensidadeVento": 3.4, 
                "descDirVento": "NE"
            }
        }, 
        {
            "geometry": {
                "type": "Point", 
                "coordinates": [
                    -27.2166, 
                    38.6659
                ]
            }, 
            "type": "Feature", 
            "properties": {
                "intensidadeVentoKM": 14.8, 
                "temperatura": 25.2, 
                "idEstacao": 1200511, 
                "pressao": 1024.2, 
                "humidade": 52.0, 
                "localEstacao": "Angra do Hero\u00edsmo", 
                "precAcumulada": 0.0, 
                "idDireccVento": 0, 
                "radiacao": 3468.1, 
                "time": "2025-08-25T14:00:00", 
                "intensidadeVento": 4.1, 
                "descDirVento": "---"
            }
        }, 
        {
            "geometry": {
                "type": "Point", 
                "coordinates": [
                    -25.6953, 
                    37.7441
                ]
            }, 
            "type": "Feature", 
            "properties": {
                "intensidadeVentoKM": 24.5, 
                "temperatura": 25.5, 
                "idEstacao": 1200512, 
                "pressao": 1022.8, 
                "humidade": 57.0, 
                "localEstacao": "Ponta Delgada (Aeroporto)", 
                "precAcumulada": 0.0, 
                "idDireccVento": 2, 
                "radiacao": 4578.6, 
                "time": "2025-08-25T14:00:00", 
                "intensidadeVento": 6.8, 
                "descDirVento": "NE"
            }
        }, 
        {
            "geometry": {
                "type": "Point", 
                "coordinates": [
                    -25.1679, 
                    36.9672
                ]
            }, 
            "type": "Feature", 
            "properties": {
                "intensidadeVentoKM": 31.7, 
                "temperatura": 23.7, 
                "idEstacao": 1200515, 
                "pressao": 1022.8, 
                "humidade": 79.0, 
                "localEstacao": "Santa Maria (Aeroporto)", 
                "precAcumulada": 0.0, 
                "idDireccVento": 2, 
                "radiacao": 2381.9, 
                "time": "2025-08-25T14:00:00", 
                "intensidadeVento": 8.8, 
                "descDirVento": "NE"
            }
        }, 
        {
            "geometry": {
                "type": "Point", 
                "coordinates": [
                    -16.7761, 
                    32.6969
                ]
            }, 
            "type": "Feature", 
            "properties": {
                "intensidadeVentoKM": 24.5, 
                "temperatura": 27.0, 
                "idEstacao": 1200521, 
                "pressao": 1019.0, 
                "humidade": 69.0, 
                "localEstacao": "Santa Catarina (Aeroporto)", 
                "precAcumulada": 0.0, 
                "idDireccVento": 0, 
                "radiacao": 3636.3, 
                "time": "2025-08-25T14:00:00", 
                "intensidadeVento": 6.8, 
                "descDirVento": "---"
            }
        }, 
        {
            "geometry": {
                "type": "Point", 
                "coordinates": [
                    -16.888, 
                    32.6479
                ]
            }, 
            "type": "Feature", 
            "properties": {
                "intensidadeVentoKM": 5.8, 
                "temperatura": 27.2, 
                "idEstacao": 1200522, 
                "pressao": 1019.2, 
                "humidade": 63.0, 
                "localEstacao": "Funchal", 
                "precAcumulada": 0.0, 
                "idDireccVento": 6, 
                "radiacao": 3410.5, 
                "time": "2025-08-25T14:00:00", 
                "intensidadeVento": 1.6, 
                "descDirVento": "SW"
            }
        }, 
        {
            "geometry": {
                "type": "Point", 
                "coordinates": [
                    -16.3487, 
                    33.074
                ]
            }, 
            "type": "Feature", 
            "properties": {
                "intensidadeVentoKM": 19.4, 
                "temperatura": 25.8, 
                "idEstacao": 1200524, 
                "pressao": 1019.3, 
                "humidade": 76.0, 
                "localEstacao": "Porto Santo (Aeroporto)", 
                "precAcumulada": 0.0, 
                "idDireccVento": 9, 
                "radiacao": 3358.8, 
                "time": "2025-08-25T14:00:00", 
                "intensidadeVento": 5.4, 
                "descDirVento": "N"
            }
        }, 
        {
            "geometry": {
                "type": "Point", 
                "coordinates": [
                    -9.4074, 
                    39.38
                ]
            }, 
            "type": "Feature", 
            "properties": {
                "intensidadeVentoKM": 18.4, 
                "temperatura": 20.4, 
                "idEstacao": 1200531, 
                "pressao": 1016.0, 
                "humidade": 87.0, 
                "localEstacao": "Cabo Carvoeiro", 
                "precAcumulada": -99.0, 
                "idDireccVento": 9, 
                "radiacao": -99.0, 
                "time": "2025-08-25T14:00:00", 
                "intensidadeVento": 5.1, 
                "descDirVento": "N"
            }
        }, 
        {
            "geometry": {
                "type": "Point", 
                "coordinates": [
                    -8.9491, 
                    37.0128
                ]
            }, 
            "type": "Feature", 
            "properties": {
                "intensidadeVentoKM": 38.2, 
                "temperatura": 23.0, 
                "idEstacao": 1200533, 
                "pressao": 1014.9, 
                "humidade": 61.0, 
                "localEstacao": "Sagres", 
                "precAcumulada": 0.0, 
                "idDireccVento": 8, 
                "radiacao": -99.0, 
                "time": "2025-08-25T14:00:00", 
                "intensidadeVento": 10.6, 
                "descDirVento": "NW"
            }
        }, 
        {
            "geometry": {
                "type": "Point", 
                "coordinates": [
                    -9.1497, 
                    38.7191
                ]
            }, 
            "type": "Feature", 
            "properties": {
                "intensidadeVentoKM": 10.1, 
                "temperatura": 28.5, 
                "idEstacao": 1200535, 
                "pressao": 1014.2, 
                "humidade": 48.0, 
                "localEstacao": "Lisboa (Geof\u00edsico)", 
                "precAcumulada": 0.0, 
                "idDireccVento": 9, 
                "radiacao": 3010.7, 
                "time": "2025-08-25T14:00:00", 
                "intensidadeVento": 2.8, 
                "descDirVento": "N"
            }
        }, 
        {
            "geometry": {
                "type": "Point", 
                "coordinates": [
                    -8.8383, 
                    37.9545
                ]
            }, 
            "type": "Feature", 
            "properties": {
                "intensidadeVentoKM": 18.4, 
                "temperatura": 23.0, 
                "idEstacao": 1200541, 
                "pressao": 1015.0, 
                "humidade": 69.0, 
                "localEstacao": "Sines", 
                "precAcumulada": 0.0, 
                "idDireccVento": 8, 
                "radiacao": 3169.1, 
                "time": "2025-08-25T14:00:00", 
                "intensidadeVento": 5.1, 
                "descDirVento": "NW"
            }
        }, 
        {
            "geometry": {
                "type": "Point", 
                "coordinates": [
                    -8.6813, 
                    41.2335
                ]
            }, 
            "type": "Feature", 
            "properties": {
                "intensidadeVentoKM": 14.8, 
                "temperatura": 21.2, 
                "idEstacao": 1200545, 
                "pressao": 1015.9, 
                "humidade": 78.0, 
                "localEstacao": "Pedras Rubras", 
                "precAcumulada": -99.0, 
                "idDireccVento": 7, 
                "radiacao": 2690.4, 
                "time": "2025-08-25T14:00:00", 
                "intensidadeVento": 4.1, 
                "descDirVento": "W"
            }
        }, 
        {
            "geometry": {
                "type": "Point", 
                "coordinates": [
                    -8.4667, 
                    40.1501
                ]
            }, 
            "type": "Feature", 
            "properties": {
                "intensidadeVentoKM": 13.7, 
                "temperatura": 27.6, 
                "idEstacao": 1200548, 
                "pressao": 1014.4, 
                "humidade": 53.0, 
                "localEstacao": "Coimbra (Aer\u00f3dromo)", 
                "precAcumulada": 0.0, 
                "idDireccVento": 8, 
                "radiacao": 3114.6, 
                "time": "2025-08-25T14:00:00", 
                "intensidadeVento": 3.8, 
                "descDirVento": "NW"
            }
        }, 
        {
            "geometry": {
                "type": "Point", 
                "coordinates": [
                    -8.8046, 
                    41.6489
                ]
            }, 
            "type": "Feature", 
            "properties": {
                "intensidadeVentoKM": 9.0, 
                "temperatura": 19.1, 
                "idEstacao": 1200551, 
                "pressao": 1016.0, 
                "humidade": 93.0, 
                "localEstacao": "Viana Castelo, Chaf\u00e9", 
                "precAcumulada": 0.0, 
                "idDireccVento": 7, 
                "radiacao": 1754.8, 
                "time": "2025-08-25T14:00:00", 
                "intensidadeVento": 2.5, 
                "descDirVento": "W"
            }
        }, 
        {
            "geometry": {
                "type": "Point", 
                "coordinates": [
                    -7.972, 
                    37.0166
                ]
            }, 
            "type": "Feature", 
            "properties": {
                "intensidadeVentoKM": 16.9, 
                "temperatura": 25.0, 
                "idEstacao": 1200554, 
                "pressao": 1014.4, 
                "humidade": 61.0, 
                "localEstacao": "Faro (Aeroporto)", 
                "precAcumulada": 0.0, 
                "idDireccVento": 6, 
                "radiacao": 3106.6, 
                "time": "2025-08-25T14:00:00", 
                "intensidadeVento": 4.7, 
                "descDirVento": "SW"
            }
        }, 
        {
            "geometry": {
                "type": "Point", 
                "coordinates": [
                    -7.8834, 
                    38.5334
                ]
            }, 
            "type": "Feature", 
            "properties": {
                "intensidadeVentoKM": 8.3, 
                "temperatura": 33.1, 
                "idEstacao": 1200558, 
                "pressao": 1012.5, 
                "humidade": 26.0, 
                "localEstacao": "\u00c9vora (C.Coordena\u00e7\u00e3o)", 
                "precAcumulada": 0.0, 
                "idDireccVento": 1, 
                "radiacao": 3183.8, 
                "time": "2025-08-25T14:00:00", 
                "intensidadeVento": 2.3, 
                "descDirVento": "N"
            }
        }, 
        {
            "geometry": {
                "type": "Point", 
                "coordinates": [
                    -7.8875, 
                    40.7264
                ]
            }, 
            "type": "Feature", 
            "properties": {
                "intensidadeVentoKM": 15.1, 
                "temperatura": 30.3, 
                "idEstacao": 1200559, 
                "pressao": 1012.4, 
                "humidade": 25.0, 
                "localEstacao": "Viseu (Aer\u00f3dromo)", 
                "precAcumulada": 0.0, 
                "idDireccVento": 8, 
                "radiacao": -99.0, 
                "time": "2025-08-25T14:00:00", 
                "intensidadeVento": 4.2, 
                "descDirVento": "NW"
            }
        }, 
        {
            "geometry": {
                "type": "Point", 
                "coordinates": [
                    -7.8959, 
                    40.7149
                ]
            }, 
            "type": "Feature", 
            "properties": {
                "intensidadeVentoKM": 13.0, 
                "temperatura": 30.4, 
                "idEstacao": 1200560, 
                "pressao": 1012.6, 
                "humidade": 28.0, 
                "localEstacao": "Viseu (C.Coordena\u00e7\u00e3o)", 
                "precAcumulada": 0.0, 
                "idDireccVento": 6, 
                "radiacao": -99.0, 
                "time": "2025-08-25T14:00:00", 
                "intensidadeVento": 3.6, 
                "descDirVento": "SW"
            }
        }, 
        {
            "geometry": {
                "type": "Point", 
                "coordinates": [
                    -7.8673, 
                    38.0249
                ]
            }, 
            "type": "Feature", 
            "properties": {
                "intensidadeVentoKM": 12.6, 
                "temperatura": 31.7, 
                "idEstacao": 1200562, 
                "pressao": 1012.6, 
                "humidade": 31.0, 
                "localEstacao": "Beja", 
                "precAcumulada": 0.0, 
                "idDireccVento": 8, 
                "radiacao": 3198.4, 
                "time": "2025-08-25T14:00:00", 
                "intensidadeVento": 3.5, 
                "descDirVento": "NW"
            }
        }, 
        {
            "geometry": {
                "type": "Point", 
                "coordinates": [
                    -7.7171, 
                    41.2742
                ]
            }, 
            "type": "Feature", 
            "properties": {
                "intensidadeVentoKM": 5.8, 
                "temperatura": 31.8, 
                "idEstacao": 1200567, 
                "pressao": 1011.6, 
                "humidade": 24.0, 
                "localEstacao": "Vila Real", 
                "precAcumulada": 0.0, 
                "idDireccVento": 5, 
                "radiacao": 3005.6, 
                "time": "2025-08-25T14:00:00", 
                "intensidadeVento": 1.6, 
                "descDirVento": "S"
            }
        }, 
        {
            "geometry": {
                "type": "Point", 
                "coordinates": [
                    -7.5587, 
                    40.4114
                ]
            }, 
            "type": "Feature", 
            "properties": {
                "intensidadeVentoKM": 4.7, 
                "temperatura": 25.1, 
                "idEstacao": 1200568, 
                "pressao": -99.0, 
                "humidade": 32.0, 
                "localEstacao": "Penhas Douradas", 
                "precAcumulada": 0.0, 
                "idDireccVento": 2, 
                "radiacao": 3141.6, 
                "time": "2025-08-25T14:00:00", 
                "intensidadeVento": 1.3, 
                "descDirVento": "NE"
            }
        }, 
        {
            "geometry": {
                "type": "Point", 
                "coordinates": [
                    -7.4668, 
                    39.8334
                ]
            }, 
            "type": "Feature", 
            "properties": {
                "intensidadeVentoKM": 7.6, 
                "temperatura": 32.4, 
                "idEstacao": 1200570, 
                "pressao": 1011.3, 
                "humidade": 33.0, 
                "localEstacao": "Castelo Branco", 
                "precAcumulada": 0.0, 
                "idDireccVento": 3, 
                "radiacao": 3047.4, 
                "time": "2025-08-25T14:00:00", 
                "intensidadeVento": 2.1, 
                "descDirVento": "E"
            }
        }, 
        {
            "geometry": {
                "type": "Point", 
                "coordinates": [
                    -7.42, 
                    39.2955
                ]
            }, 
            "type": "Feature", 
            "properties": {
                "intensidadeVentoKM": 8.3, 
                "temperatura": 31.2, 
                "idEstacao": 1200571, 
                "pressao": 1011.5, 
                "humidade": 25.0, 
                "localEstacao": "Portalegre", 
                "precAcumulada": 0.0, 
                "idDireccVento": 6, 
                "radiacao": -99.0, 
                "time": "2025-08-25T14:00:00", 
                "intensidadeVento": 2.3, 
                "descDirVento": "SW"
            }
        }, 
        {
            "geometry": {
                "type": "Point", 
                "coordinates": [
                    -6.7428, 
                    41.8039
                ]
            }, 
            "type": "Feature", 
            "properties": {
                "intensidadeVentoKM": 22.3, 
                "temperatura": 32.4, 
                "idEstacao": 1200575, 
                "pressao": 1011.4, 
                "humidade": 21.0, 
                "localEstacao": "Bragan\u00e7a", 
                "precAcumulada": 0.0, 
                "idDireccVento": 5, 
                "radiacao": 2963.9, 
                "time": "2025-08-25T14:00:00", 
                "intensidadeVento": 6.2, 
                "descDirVento": "S"
            }
        }, 
        {
            "geometry": {
                "type": "Point", 
                "coordinates": [
                    -6.708, 
                    41.8576
                ]
            }, 
            "type": "Feature", 
            "properties": {
                "intensidadeVentoKM": 15.5, 
                "temperatura": 31.6, 
                "idEstacao": 1200576, 
                "pressao": 1011.0, 
                "humidade": 23.0, 
                "localEstacao": "Bragan\u00e7a (Aer\u00f3dromo)", 
                "precAcumulada": 0.0, 
                "idDireccVento": 6, 
                "radiacao": -99.0, 
                "time": "2025-08-25T14:00:00", 
                "intensidadeVento": 4.3, 
                "descDirVento": "SW"
            }
        }, 
        {
            "geometry": {
                "type": "Point", 
                "coordinates": [
                    -7.8916, 
                    38.5296
                ]
            }, 
            "type": "Feature", 
            "properties": {
                "intensidadeVentoKM": 10.4, 
                "temperatura": 32.0, 
                "idEstacao": 1200843, 
                "pressao": 1012.4, 
                "humidade": 29.0, 
                "localEstacao": "\u00c9vora (Aer\u00f3dromo)", 
                "precAcumulada": 0.0, 
                "idDireccVento": 2, 
                "radiacao": -99.0, 
                "time": "2025-08-25T14:00:00", 
                "intensidadeVento": 2.9, 
                "descDirVento": "NE"
            }
        }, 
        {
            "geometry": {
                "type": "Point", 
                "coordinates": [
                    -25.6623, 
                    37.7464
                ]
            }, 
            "type": "Feature", 
            "properties": {
                "intensidadeVentoKM": 13.0, 
                "temperatura": 26.4, 
                "idEstacao": 1210513, 
                "pressao": -99.0, 
                "humidade": 54.0, 
                "localEstacao": "Ponta Delgada (Obs. Afonso Chaves)", 
                "precAcumulada": 0.0, 
                "idDireccVento": 2, 
                "radiacao": 3420.4, 
                "time": "2025-08-25T14:00:00", 
                "intensidadeVento": 3.6, 
                "descDirVento": "NE"
            }
        }, 
        {
            "geometry": {
                "type": "Point", 
                "coordinates": [
                    -31.2207, 
                    39.4633
                ]
            }, 
            "type": "Feature", 
            "properties": {
                "intensidadeVentoKM": 32.4, 
                "temperatura": -99.0, 
                "idEstacao": 1210517, 
                "pressao": 1024.8, 
                "humidade": -99.0, 
                "localEstacao": "Flores / Morro Alto", 
                "precAcumulada": 0.0, 
                "idDireccVento": 9, 
                "radiacao": -99.0, 
                "time": "2025-08-25T14:00:00", 
                "intensidadeVento": 9.0, 
                "descDirVento": "N"
            }
        }, 
        {
            "geometry": {
                "type": "Point", 
                "coordinates": [
                    -25.7512, 
                    37.819
                ]
            }, 
            "type": "Feature", 
            "properties": {
                "intensidadeVentoKM": 29.2, 
                "temperatura": 17.5, 
                "idEstacao": 1210518, 
                "pressao": 1023.0, 
                "humidade": 94.0, 
                "localEstacao": "S\u00e3o Miguel / Pico Santos De Cima", 
                "precAcumulada": 0.0, 
                "idDireccVento": 2, 
                "radiacao": -99.0, 
                "time": "2025-08-25T14:00:00", 
                "intensidadeVento": 8.1, 
                "descDirVento": "NE"
            }
        }, 
        {
            "geometry": {
                "type": "Point", 
                "coordinates": [
                    -15.8692, 
                    30.1406
                ]
            }, 
            "type": "Feature", 
            "properties": {
                "intensidadeVentoKM": -99.0, 
                "temperatura": 26.0, 
                "idEstacao": 1210520, 
                "pressao": 1019.6, 
                "humidade": 73.0, 
                "localEstacao": "Ilhas selvagens", 
                "precAcumulada": 0.0, 
                "idDireccVento": 0, 
                "radiacao": 3441.9, 
                "time": "2025-08-25T14:00:00", 
                "intensidadeVento": -99.0, 
                "descDirVento": "---"
            }
        }, 
        {
            "geometry": {
                "type": "Point", 
                "coordinates": [
                    -8.4, 
                    39.071
                ]
            }, 
            "type": "Feature", 
            "properties": {
                "intensidadeVentoKM": 6.8, 
                "temperatura": 31.2, 
                "idEstacao": 1210550, 
                "pressao": 1013.6, 
                "humidade": 29.0, 
                "localEstacao": "Coruche / Cruz Do Le\u00e3o", 
                "precAcumulada": 0.0, 
                "idDireccVento": 8, 
                "radiacao": -99.0, 
                "time": "2025-08-25T14:00:00", 
                "intensidadeVento": 1.9, 
                "descDirVento": "NW"
            }
        }, 
        {
            "geometry": {
                "type": "Point", 
                "coordinates": [
                    -7.9534, 
                    37.3042
                ]
            }, 
            "type": "Feature", 
            "properties": {
                "intensidadeVentoKM": 9.0, 
                "temperatura": 30.3, 
                "idEstacao": 1210553, 
                "pressao": 1012.4, 
                "humidade": 31.0, 
                "localEstacao": "Loul\u00e9 / Cavalos De Caldeir\u00e3o", 
                "precAcumulada": -99.0, 
                "idDireccVento": 9, 
                "radiacao": -99.0, 
                "time": "2025-08-25T14:00:00", 
                "intensidadeVento": 2.5, 
                "descDirVento": "N"
            }
        }, 
        {
            "geometry": {
                "type": "Point", 
                "coordinates": [
                    -8.729, 
                    37.5471
                ]
            }, 
            "type": "Feature", 
            "properties": {
                "intensidadeVentoKM": 15.8, 
                "temperatura": 24.6, 
                "idEstacao": 1210577, 
                "pressao": -99.0, 
                "humidade": 54.0, 
                "localEstacao": "Odemira, S. Teot\u00f3nio", 
                "precAcumulada": 0.0, 
                "idDireccVento": 7, 
                "radiacao": 2994.0, 
                "time": "2025-08-25T14:00:00", 
                "intensidadeVento": 4.4, 
                "descDirVento": "W"
            }
        }, 
        {
            "geometry": {
                "type": "Point", 
                "coordinates": [
                    -9.1254, 
                    38.7618
                ]
            }, 
            "type": "Feature", 
            "properties": {
                "intensidadeVentoKM": 11.9, 
                "temperatura": 28.9, 
                "idEstacao": 1210580, 
                "pressao": 1014.4, 
                "humidade": 39.0, 
                "localEstacao": "Lisboa, Rel\u00f3gio", 
                "precAcumulada": 0.0, 
                "idDireccVento": 8, 
                "radiacao": -99.0, 
                "time": "2025-08-25T14:00:00", 
                "intensidadeVento": 3.3, 
                "descDirVento": "NW"
            }
        }, 
        {
            "geometry": {
                "type": "Point", 
                "coordinates": [
                    -8.6668, 
                    41.9667
                ]
            }, 
            "type": "Feature", 
            "properties": {
                "intensidadeVentoKM": 9.0, 
                "temperatura": 26.9, 
                "idEstacao": 1210604, 
                "pressao": 1014.1, 
                "humidade": 62.0, 
                "localEstacao": "V.N.Cerveira (Aer\u00f3dromo)", 
                "precAcumulada": 0.0, 
                "idDireccVento": 0, 
                "radiacao": 2898.7, 
                "time": "2025-08-25T14:00:00", 
                "intensidadeVento": 2.5, 
                "descDirVento": "---"
            }
        }, 
        {
            "geometry": {
                "type": "Point", 
                "coordinates": [
                    -8.3833, 
                    42.0667
                ]
            }, 
            "type": "Feature", 
            "properties": {
                "intensidadeVentoKM": 15.1, 
                "temperatura": 30.1, 
                "idEstacao": 1210605, 
                "pressao": -99.0, 
                "humidade": 43.0, 
                "localEstacao": "Mon\u00e7\u00e3o, Valinha", 
                "precAcumulada": -99.0, 
                "idDireccVento": 7, 
                "radiacao": 2855.9, 
                "time": "2025-08-25T14:00:00", 
                "intensidadeVento": 4.2, 
                "descDirVento": "W"
            }
        }, 
        {
            "geometry": {
                "type": "Point", 
                "coordinates": [
                    -8.1833, 
                    42.0333
                ]
            }, 
            "type": "Feature", 
            "properties": {
                "intensidadeVentoKM": -99.0, 
                "temperatura": 25.4, 
                "idEstacao": 1210606, 
                "pressao": -99.0, 
                "humidade": 44.0, 
                "localEstacao": "Lamas de Mouro, P.Ribeiro", 
                "precAcumulada": 0.0, 
                "idDireccVento": 0, 
                "radiacao": 2967.7, 
                "time": "2025-08-25T14:00:00", 
                "intensidadeVento": -99.0, 
                "descDirVento": "---"
            }
        }, 
        {
            "geometry": {
                "type": "Point", 
                "coordinates": [
                    -7.788, 
                    41.8228
                ]
            }, 
            "type": "Feature", 
            "properties": {
                "intensidadeVentoKM": 5.4, 
                "temperatura": 29.2, 
                "idEstacao": 1210611, 
                "pressao": -99.0, 
                "humidade": 21.0, 
                "localEstacao": "Montalegre", 
                "precAcumulada": 0.0, 
                "idDireccVento": 4, 
                "radiacao": 3162.5, 
                "time": "2025-08-25T14:00:00", 
                "intensidadeVento": 1.5, 
                "descDirVento": "SE"
            }
        }, 
        {
            "geometry": {
                "type": "Point", 
                "coordinates": [
                    -7.0034, 
                    41.8434
                ]
            }, 
            "type": "Feature", 
            "properties": {
                "intensidadeVentoKM": 9.7, 
                "temperatura": 31.0, 
                "idEstacao": 1210612, 
                "pressao": -99.0, 
                "humidade": 28.0, 
                "localEstacao": "Vinhais", 
                "precAcumulada": 0.0, 
                "idDireccVento": 6, 
                "radiacao": -99.0, 
                "time": "2025-08-25T14:00:00", 
                "intensidadeVento": 2.7, 
                "descDirVento": "SW"
            }
        }, 
        {
            "geometry": {
                "type": "Point", 
                "coordinates": [
                    -8.5667, 
                    41.7501
                ]
            }, 
            "type": "Feature", 
            "properties": {
                "intensidadeVentoKM": 8.3, 
                "temperatura": 26.0, 
                "idEstacao": 1210615, 
                "pressao": -99.0, 
                "humidade": 62.0, 
                "localEstacao": "Ponte de Lima (Escola agr\u00edcola)", 
                "precAcumulada": 0.0, 
                "idDireccVento": 6, 
                "radiacao": 2859.1, 
                "time": "2025-08-25T14:00:00", 
                "intensidadeVento": 2.3, 
                "descDirVento": "SW"
            }
        }, 
        {
            "geometry": {
                "type": "Point", 
                "coordinates": [
                    -7.4654, 
                    41.7252
                ]
            }, 
            "type": "Feature", 
            "properties": {
                "intensidadeVentoKM": 6.8, 
                "temperatura": 34.2, 
                "idEstacao": 1210616, 
                "pressao": 1010.8, 
                "humidade": 24.0, 
                "localEstacao": "Chaves (Aer\u00f3dromo)", 
                "precAcumulada": 0.0, 
                "idDireccVento": 2, 
                "radiacao": 2303.7, 
                "time": "2025-08-25T14:00:00", 
                "intensidadeVento": 1.9, 
                "descDirVento": "NE"
            }
        }, 
        {
            "geometry": {
                "type": "Point", 
                "coordinates": [
                    -8.0167, 
                    41.7167
                ]
            }, 
            "type": "Feature", 
            "properties": {
                "intensidadeVentoKM": 9.0, 
                "temperatura": 31.9, 
                "idEstacao": 1210619, 
                "pressao": -99.0, 
                "humidade": 36.0, 
                "localEstacao": "Cabril", 
                "precAcumulada": 0.0, 
                "idDireccVento": 7, 
                "radiacao": -99.0, 
                "time": "2025-08-25T14:00:00", 
                "intensidadeVento": 2.5, 
                "descDirVento": "W"
            }
        }, 
        {
            "geometry": {
                "type": "Point", 
                "coordinates": [
                    -8.45, 
                    41.5668
                ]
            }, 
            "type": "Feature", 
            "properties": {
                "intensidadeVentoKM": 11.5, 
                "temperatura": 28.2, 
                "idEstacao": 1210622, 
                "pressao": 1014.9, 
                "humidade": 53.0, 
                "localEstacao": "Braga, Merelim", 
                "precAcumulada": 0.0, 
                "idDireccVento": 7, 
                "radiacao": 3024.6, 
                "time": "2025-08-25T14:00:00", 
                "intensidadeVento": 3.2, 
                "descDirVento": "W"
            }
        }, 
        {
            "geometry": {
                "type": "Point", 
                "coordinates": [
                    -8.3178, 
                    41.4289
                ]
            }, 
            "type": "Feature", 
            "properties": {
                "intensidadeVentoKM": -99.0, 
                "temperatura": 28.6, 
                "idEstacao": 1210625, 
                "pressao": 1014.1, 
                "humidade": 48.0, 
                "localEstacao": "Guimar\u00e3es", 
                "precAcumulada": -99.0, 
                "idDireccVento": 0, 
                "radiacao": 2967.6, 
                "time": "2025-08-25T14:00:00", 
                "intensidadeVento": -99.0, 
                "descDirVento": "---"
            }
        }, 
        {
            "geometry": {
                "type": "Point", 
                "coordinates": [
                    -7.9667, 
                    41.5333
                ]
            }, 
            "type": "Feature", 
            "properties": {
                "intensidadeVentoKM": 5.4, 
                "temperatura": 33.9, 
                "idEstacao": 1210630, 
                "pressao": -99.0, 
                "humidade": 33.0, 
                "localEstacao": "Cabeceiras de Basto", 
                "precAcumulada": 0.0, 
                "idDireccVento": 6, 
                "radiacao": 2870.8, 
                "time": "2025-08-25T14:00:00", 
                "intensidadeVento": 1.5, 
                "descDirVento": "SW"
            }
        }, 
        {
            "geometry": {
                "type": "Point", 
                "coordinates": [
                    -7.1908, 
                    41.5148
                ]
            }, 
            "type": "Feature", 
            "properties": {
                "intensidadeVentoKM": 9.4, 
                "temperatura": 35.3, 
                "idEstacao": 1210632, 
                "pressao": -99.0, 
                "humidade": 22.0, 
                "localEstacao": "Mirandela", 
                "precAcumulada": 0.0, 
                "idDireccVento": 9, 
                "radiacao": -99.0, 
                "time": "2025-08-25T14:00:00", 
                "intensidadeVento": 2.6, 
                "descDirVento": "N"
            }
        }, 
        {
            "geometry": {
                "type": "Point", 
                "coordinates": [
                    -6.7833, 
                    41.5667
                ]
            }, 
            "type": "Feature", 
            "properties": {
                "intensidadeVentoKM": -99.0, 
                "temperatura": 33.3, 
                "idEstacao": 1210633, 
                "pressao": -99.0, 
                "humidade": 22.0, 
                "localEstacao": "Macedo de Cavaleiros, Bagueixe", 
                "precAcumulada": -99.0, 
                "idDireccVento": 0, 
                "radiacao": -99.0, 
                "time": "2025-08-25T14:00:00", 
                "intensidadeVento": -99.0, 
                "descDirVento": "---"
            }
        }, 
        {
            "geometry": {
                "type": "Point", 
                "coordinates": [
                    -6.2833, 
                    41.5167
                ]
            }, 
            "type": "Feature", 
            "properties": {
                "intensidadeVentoKM": 7.6, 
                "temperatura": 33.5, 
                "idEstacao": 1210635, 
                "pressao": -99.0, 
                "humidade": 23.0, 
                "localEstacao": "Miranda do Douro", 
                "precAcumulada": 0.0, 
                "idDireccVento": 6, 
                "radiacao": -99.0, 
                "time": "2025-08-25T14:00:00", 
                "intensidadeVento": 2.1, 
                "descDirVento": "SW"
            }
        }, 
        {
            "geometry": {
                "type": "Point", 
                "coordinates": [
                    -6.7333, 
                    41.3333
                ]
            }, 
            "type": "Feature", 
            "properties": {
                "intensidadeVentoKM": 12.6, 
                "temperatura": 31.8, 
                "idEstacao": 1210637, 
                "pressao": -99.0, 
                "humidade": 23.0, 
                "localEstacao": "Mogadouro", 
                "precAcumulada": 0.0, 
                "idDireccVento": 6, 
                "radiacao": 2965.2, 
                "time": "2025-08-25T14:00:00", 
                "intensidadeVento": 3.5, 
                "descDirVento": "SW"
            }
        }, 
        {
            "geometry": {
                "type": "Point", 
                "coordinates": [
                    -8.3801, 
                    41.2737
                ]
            }, 
            "type": "Feature", 
            "properties": {
                "intensidadeVentoKM": 6.1, 
                "temperatura": 27.9, 
                "idEstacao": 1210643, 
                "pressao": -99.0, 
                "humidade": 52.0, 
                "localEstacao": "Pa\u00e7os Ferreira", 
                "precAcumulada": 0.0, 
                "idDireccVento": 7, 
                "radiacao": -99.0, 
                "time": "2025-08-25T14:00:00", 
                "intensidadeVento": 1.7, 
                "descDirVento": "W"
            }
        }, 
        {
            "geometry": {
                "type": "Point", 
                "coordinates": [
                    -7.2833, 
                    41.2333
                ]
            }, 
            "type": "Feature", 
            "properties": {
                "intensidadeVentoKM": 6.8, 
                "temperatura": 32.2, 
                "idEstacao": 1210644, 
                "pressao": -99.0, 
                "humidade": 25.0, 
                "localEstacao": "Carraz\u00eada de Ansi\u00e3es", 
                "precAcumulada": 0.0, 
                "idDireccVento": 4, 
                "radiacao": 2589.0, 
                "time": "2025-08-25T14:00:00", 
                "intensidadeVento": 1.9, 
                "descDirVento": "SE"
            }
        }, 
        {
            "geometry": {
                "type": "Point", 
                "coordinates": [
                    -8.6445, 
                    41.1844
                ]
            }, 
            "type": "Feature", 
            "properties": {
                "intensidadeVentoKM": 5.4, 
                "temperatura": 24.3, 
                "idEstacao": 1210649, 
                "pressao": -99.0, 
                "humidade": 63.0, 
                "localEstacao": "S. Gens", 
                "precAcumulada": 0.0, 
                "idDireccVento": 6, 
                "radiacao": 623.6, 
                "time": "2025-08-25T14:00:00", 
                "intensidadeVento": 1.5, 
                "descDirVento": "SW"
            }
        }, 
        {
            "geometry": {
                "type": "Point", 
                "coordinates": [
                    -7.0167, 
                    41.1833
                ]
            }, 
            "type": "Feature", 
            "properties": {
                "intensidadeVentoKM": 11.5, 
                "temperatura": 33.1, 
                "idEstacao": 1210654, 
                "pressao": 1011.2, 
                "humidade": 22.0, 
                "localEstacao": "Moncorvo", 
                "precAcumulada": 0.0, 
                "idDireccVento": 7, 
                "radiacao": 2943.4, 
                "time": "2025-08-25T14:00:00", 
                "intensidadeVento": 3.2, 
                "descDirVento": "W"
            }
        }, 
        {
            "geometry": {
                "type": "Point", 
                "coordinates": [
                    -7.549, 
                    41.1728
                ]
            }, 
            "type": "Feature", 
            "properties": {
                "intensidadeVentoKM": 9.0, 
                "temperatura": 37.1, 
                "idEstacao": 1210655, 
                "pressao": -99.0, 
                "humidade": 19.0, 
                "localEstacao": "Pinh\u00e3o, Santa B\u00e1rbara", 
                "precAcumulada": 0.0, 
                "idDireccVento": 5, 
                "radiacao": -99.0, 
                "time": "2025-08-25T14:00:00", 
                "intensidadeVento": 2.5, 
                "descDirVento": "S"
            }
        }, 
        {
            "geometry": {
                "type": "Point", 
                "coordinates": [
                    -8.249, 
                    41.1459
                ]
            }, 
            "type": "Feature", 
            "properties": {
                "intensidadeVentoKM": 7.9, 
                "temperatura": 27.9, 
                "idEstacao": 1210657, 
                "pressao": -99.0, 
                "humidade": 46.0, 
                "localEstacao": "Luzim", 
                "precAcumulada": 0.0, 
                "idDireccVento": 8, 
                "radiacao": 2952.3, 
                "time": "2025-08-25T14:00:00", 
                "intensidadeVento": 2.2, 
                "descDirVento": "NW"
            }
        }, 
        {
            "geometry": {
                "type": "Point", 
                "coordinates": [
                    -7.6, 
                    40.9833
                ]
            }, 
            "type": "Feature", 
            "properties": {
                "intensidadeVentoKM": 10.4, 
                "temperatura": 33.0, 
                "idEstacao": 1210663, 
                "pressao": -99.0, 
                "humidade": 20.0, 
                "localEstacao": "Moimenta da Beira", 
                "precAcumulada": 0.0, 
                "idDireccVento": 6, 
                "radiacao": 2993.6, 
                "time": "2025-08-25T14:00:00", 
                "intensidadeVento": 2.9, 
                "descDirVento": "SW"
            }
        }, 
        {
            "geometry": {
                "type": "Point", 
                "coordinates": [
                    -7.2569, 
                    40.9689
                ]
            }, 
            "type": "Feature", 
            "properties": {
                "intensidadeVentoKM": 10.8, 
                "temperatura": 31.7, 
                "idEstacao": 1210665, 
                "pressao": 1010.0, 
                "humidade": 23.0, 
                "localEstacao": "M\u00eada", 
                "precAcumulada": -99.0, 
                "idDireccVento": 5, 
                "radiacao": 2853.6, 
                "time": "2025-08-25T14:00:00", 
                "intensidadeVento": 3.0, 
                "descDirVento": "S"
            }
        }, 
        {
            "geometry": {
                "type": "Point", 
                "coordinates": [
                    -7.3667, 
                    40.7833
                ]
            }, 
            "type": "Feature", 
            "properties": {
                "intensidadeVentoKM": 9.7, 
                "temperatura": 31.7, 
                "idEstacao": 1210666, 
                "pressao": -99.0, 
                "humidade": 23.0, 
                "localEstacao": "Trancoso, Bandarra", 
                "precAcumulada": 0.0, 
                "idDireccVento": 5, 
                "radiacao": 3043.7, 
                "time": "2025-08-25T14:00:00", 
                "intensidadeVento": 2.7, 
                "descDirVento": "S"
            }
        }, 
        {
            "geometry": {
                "type": "Point", 
                "coordinates": [
                    -8.25, 
                    40.9333
                ]
            }, 
            "type": "Feature", 
            "properties": {
                "intensidadeVentoKM": 5.8, 
                "temperatura": 29.5, 
                "idEstacao": 1210669, 
                "pressao": -99.0, 
                "humidade": 47.0, 
                "localEstacao": "Arouca", 
                "precAcumulada": 0.0, 
                "idDireccVento": 7, 
                "radiacao": 2539.3, 
                "time": "2025-08-25T14:00:00", 
                "intensidadeVento": 1.6, 
                "descDirVento": "W"
            }
        }, 
        {
            "geometry": {
                "type": "Point", 
                "coordinates": [
                    -6.8833, 
                    40.75
                ]
            }, 
            "type": "Feature", 
            "properties": {
                "intensidadeVentoKM": 7.6, 
                "temperatura": 32.8, 
                "idEstacao": 1210671, 
                "pressao": -99.0, 
                "humidade": 26.0, 
                "localEstacao": "Fig. de Castelo Rodrigo (Vila Torpim)", 
                "precAcumulada": 0.0, 
                "idDireccVento": 6, 
                "radiacao": 3003.8, 
                "time": "2025-08-25T14:00:00", 
                "intensidadeVento": 2.1, 
                "descDirVento": "SW"
            }
        }, 
        {
            "geometry": {
                "type": "Point", 
                "coordinates": [
                    -7.2667, 
                    40.5333
                ]
            }, 
            "type": "Feature", 
            "properties": {
                "intensidadeVentoKM": 7.6, 
                "temperatura": 28.2, 
                "idEstacao": 1210683, 
                "pressao": -99.0, 
                "humidade": 28.0, 
                "localEstacao": "Guarda", 
                "precAcumulada": 0.0, 
                "idDireccVento": 5, 
                "radiacao": 3005.6, 
                "time": "2025-08-25T14:00:00", 
                "intensidadeVento": 2.1, 
                "descDirVento": "S"
            }
        }, 
        {
            "geometry": {
                "type": "Point", 
                "coordinates": [
                    -7.85, 
                    40.5167
                ]
            }, 
            "type": "Feature", 
            "properties": {
                "intensidadeVentoKM": 10.4, 
                "temperatura": 31.9, 
                "idEstacao": 1210685, 
                "pressao": -99.0, 
                "humidade": 31.0, 
                "localEstacao": "Nelas", 
                "precAcumulada": 0.0, 
                "idDireccVento": 6, 
                "radiacao": 3012.5, 
                "time": "2025-08-25T14:00:00", 
                "intensidadeVento": 2.9, 
                "descDirVento": "SW"
            }
        }, 
        {
            "geometry": {
                "type": "Point", 
                "coordinates": [
                    -7.927, 
                    40.1457
                ]
            }, 
            "type": "Feature", 
            "properties": {
                "intensidadeVentoKM": 14.8, 
                "temperatura": 27.7, 
                "idEstacao": 1210686, 
                "pressao": -99.0, 
                "humidade": 38.0, 
                "localEstacao": "Pampilhosa da Serra, Faj\u00e3o", 
                "precAcumulada": 0.0, 
                "idDireccVento": 8, 
                "radiacao": -99.0, 
                "time": "2025-08-25T14:00:00", 
                "intensidadeVento": 4.1, 
                "descDirVento": "NW"
            }
        }, 
        {
            "geometry": {
                "type": "Point", 
                "coordinates": [
                    -7.4823, 
                    40.2643
                ]
            }, 
            "type": "Feature", 
            "properties": {
                "intensidadeVentoKM": 10.4, 
                "temperatura": 33.0, 
                "idEstacao": 1210687, 
                "pressao": -99.0, 
                "humidade": 25.0, 
                "localEstacao": "Covilh\u00e3 (Aer\u00f3dromo)", 
                "precAcumulada": 0.0, 
                "idDireccVento": 4, 
                "radiacao": 2994.1, 
                "time": "2025-08-25T14:00:00", 
                "intensidadeVento": 2.9, 
                "descDirVento": "SE"
            }
        }, 
        {
            "geometry": {
                "type": "Point", 
                "coordinates": [
                    -7.3893, 
                    40.3543
                ]
            }, 
            "type": "Feature", 
            "properties": {
                "intensidadeVentoKM": 6.8, 
                "temperatura": 33.4, 
                "idEstacao": 1210690, 
                "pressao": -99.0, 
                "humidade": 19.0, 
                "localEstacao": "Aldeia Souto (Quinta Lageosa)", 
                "precAcumulada": 0.0, 
                "idDireccVento": 7, 
                "radiacao": 3098.4, 
                "time": "2025-08-25T14:00:00", 
                "intensidadeVento": 1.9, 
                "descDirVento": "W"
            }
        }, 
        {
            "geometry": {
                "type": "Point", 
                "coordinates": [
                    -8.2441, 
                    40.1439
                ]
            }, 
            "type": "Feature", 
            "properties": {
                "intensidadeVentoKM": 7.6, 
                "temperatura": 30.2, 
                "idEstacao": 1210697, 
                "pressao": -99.0, 
                "humidade": 45.0, 
                "localEstacao": "Lous\u00e3 (Aer\u00f3dromo)", 
                "precAcumulada": 0.0, 
                "idDireccVento": 7, 
                "radiacao": -99.0, 
                "time": "2025-08-25T14:00:00", 
                "intensidadeVento": 2.1, 
                "descDirVento": "W"
            }
        }, 
        {
            "geometry": {
                "type": "Point", 
                "coordinates": [
                    -7.5536, 
                    40.1406
                ]
            }, 
            "type": "Feature", 
            "properties": {
                "intensidadeVentoKM": 9.4, 
                "temperatura": 32.3, 
                "idEstacao": 1210698, 
                "pressao": -99.0, 
                "humidade": 18.0, 
                "localEstacao": "Fund\u00e3o", 
                "precAcumulada": 0.0, 
                "idDireccVento": 3, 
                "radiacao": 3045.5, 
                "time": "2025-08-25T14:00:00", 
                "intensidadeVento": 2.6, 
                "descDirVento": "E"
            }
        }, 
        {
            "geometry": {
                "type": "Point", 
                "coordinates": [
                    -8.6596, 
                    40.6353
                ]
            }, 
            "type": "Feature", 
            "properties": {
                "intensidadeVentoKM": 14.4, 
                "temperatura": 21.9, 
                "idEstacao": 1210702, 
                "pressao": 1016.1, 
                "humidade": 77.0, 
                "localEstacao": "Aveiro (Universidade)", 
                "precAcumulada": 0.0, 
                "idDireccVento": 8, 
                "radiacao": 2966.9, 
                "time": "2025-08-25T14:00:00", 
                "intensidadeVento": 4.0, 
                "descDirVento": "NW"
            }
        }, 
        {
            "geometry": {
                "type": "Point", 
                "coordinates": [
                    -8.7617, 
                    40.446
                ]
            }, 
            "type": "Feature", 
            "properties": {
                "intensidadeVentoKM": 14.0, 
                "temperatura": 20.7, 
                "idEstacao": 1210704, 
                "pressao": -99.0, 
                "humidade": 92.0, 
                "localEstacao": "Dunas de Mira", 
                "precAcumulada": 0.0, 
                "idDireccVento": 8, 
                "radiacao": 1689.1, 
                "time": "2025-08-25T14:00:00", 
                "intensidadeVento": 3.9, 
                "descDirVento": "NW"
            }
        }, 
        {
            "geometry": {
                "type": "Point", 
                "coordinates": [
                    -8.44, 
                    40.4389
                ]
            }, 
            "type": "Feature", 
            "properties": {
                "intensidadeVentoKM": 4.3, 
                "temperatura": 29.5, 
                "idEstacao": 1210705, 
                "pressao": -99.0, 
                "humidade": 45.0, 
                "localEstacao": "Anadia", 
                "precAcumulada": 0.0, 
                "idDireccVento": 7, 
                "radiacao": 2833.2, 
                "time": "2025-08-25T14:00:00", 
                "intensidadeVento": 1.2, 
                "descDirVento": "W"
            }
        }, 
        {
            "geometry": {
                "type": "Point", 
                "coordinates": [
                    -8.4552, 
                    40.2135
                ]
            }, 
            "type": "Feature", 
            "properties": {
                "intensidadeVentoKM": 14.4, 
                "temperatura": 28.2, 
                "idEstacao": 1210707, 
                "pressao": -99.0, 
                "humidade": 60.0, 
                "localEstacao": "Coimbra, Bencanta", 
                "precAcumulada": 0.0, 
                "idDireccVento": 6, 
                "radiacao": 3021.6, 
                "time": "2025-08-25T14:00:00", 
                "intensidadeVento": 4.0, 
                "descDirVento": "SW"
            }
        }, 
        {
            "geometry": {
                "type": "Point", 
                "coordinates": [
                    -8.8059, 
                    40.1398
                ]
            }, 
            "type": "Feature", 
            "properties": {
                "intensidadeVentoKM": 20.5, 
                "temperatura": 23.7, 
                "idEstacao": 1210713, 
                "pressao": -99.0, 
                "humidade": -99.0, 
                "localEstacao": "Figueira da Foz, Vila Verde", 
                "precAcumulada": 0.0, 
                "idDireccVento": 7, 
                "radiacao": 0.0, 
                "time": "2025-08-25T14:00:00", 
                "intensidadeVento": 5.7, 
                "descDirVento": "W"
            }
        }, 
        {
            "geometry": {
                "type": "Point", 
                "coordinates": [
                    -8.4, 
                    39.9
                ]
            }, 
            "type": "Feature", 
            "properties": {
                "intensidadeVentoKM": 9.4, 
                "temperatura": 29.5, 
                "idEstacao": 1210716, 
                "pressao": -99.0, 
                "humidade": 38.0, 
                "localEstacao": "Ansi\u00e3o", 
                "precAcumulada": 0.0, 
                "idDireccVento": 7, 
                "radiacao": 3082.6, 
                "time": "2025-08-25T14:00:00", 
                "intensidadeVento": 2.6, 
                "descDirVento": "W"
            }
        }, 
        {
            "geometry": {
                "type": "Point", 
                "coordinates": [
                    -8.8182, 
                    39.7806
                ]
            }, 
            "type": "Feature", 
            "properties": {
                "intensidadeVentoKM": 15.1, 
                "temperatura": 24.4, 
                "idEstacao": 1210718, 
                "pressao": 1015.7, 
                "humidade": 68.0, 
                "localEstacao": "Leiria (Aer\u00f3dromo)", 
                "precAcumulada": 0.0, 
                "idDireccVento": 8, 
                "radiacao": 2981.5, 
                "time": "2025-08-25T14:00:00", 
                "intensidadeVento": 4.2, 
                "descDirVento": "NW"
            }
        }, 
        {
            "geometry": {
                "type": "Point", 
                "coordinates": [
                    -9.0306, 
                    39.7636
                ]
            }, 
            "type": "Feature", 
            "properties": {
                "intensidadeVentoKM": 6.1, 
                "temperatura": 21.3, 
                "idEstacao": 1210721, 
                "pressao": -99.0, 
                "humidade": 81.0, 
                "localEstacao": "S\u00e3o Pedro de Moel", 
                "precAcumulada": 0.0, 
                "idDireccVento": 7, 
                "radiacao": -99.0, 
                "time": "2025-08-25T14:00:00", 
                "intensidadeVento": 1.7, 
                "descDirVento": "W"
            }
        }, 
        {
            "geometry": {
                "type": "Point", 
                "coordinates": [
                    -8.6489, 
                    39.6217
                ]
            }, 
            "type": "Feature", 
            "properties": {
                "intensidadeVentoKM": 15.1, 
                "temperatura": 27.9, 
                "idEstacao": 1210723, 
                "pressao": 1013.4, 
                "humidade": 46.0, 
                "localEstacao": "Our\u00e9m / F\u00e1tima", 
                "precAcumulada": -99.0, 
                "idDireccVento": 7, 
                "radiacao": 3070.4, 
                "time": "2025-08-25T14:00:00", 
                "intensidadeVento": 4.2, 
                "descDirVento": "W"
            }
        }, 
        {
            "geometry": {
                "type": "Point", 
                "coordinates": [
                    -8.3667, 
                    39.6
                ]
            }, 
            "type": "Feature", 
            "properties": {
                "intensidadeVentoKM": 9.7, 
                "temperatura": 32.8, 
                "idEstacao": 1210724, 
                "pressao": -99.0, 
                "humidade": 32.0, 
                "localEstacao": "Tomar, Valdonas", 
                "precAcumulada": 0.0, 
                "idDireccVento": 7, 
                "radiacao": 3067.1, 
                "time": "2025-08-25T14:00:00", 
                "intensidadeVento": 2.7, 
                "descDirVento": "W"
            }
        }, 
        {
            "geometry": {
                "type": "Point", 
                "coordinates": [
                    -8.9667, 
                    39.5167
                ]
            }, 
            "type": "Feature", 
            "properties": {
                "intensidadeVentoKM": 14.4, 
                "temperatura": 25.5, 
                "idEstacao": 1210726, 
                "pressao": -99.0, 
                "humidade": 59.0, 
                "localEstacao": "Alcoba\u00e7a", 
                "precAcumulada": 0.0, 
                "idDireccVento": 8, 
                "radiacao": 3001.6, 
                "time": "2025-08-25T14:00:00", 
                "intensidadeVento": 4.0, 
                "descDirVento": "NW"
            }
        }, 
        {
            "geometry": {
                "type": "Point", 
                "coordinates": [
                    -8.9333, 
                    39.35
                ]
            }, 
            "type": "Feature", 
            "properties": {
                "intensidadeVentoKM": 17.6, 
                "temperatura": 27.1, 
                "idEstacao": 1210729, 
                "pressao": -99.0, 
                "humidade": 54.0, 
                "localEstacao": "Rio Maior", 
                "precAcumulada": 0.0, 
                "idDireccVento": 8, 
                "radiacao": 2703.3, 
                "time": "2025-08-25T14:00:00", 
                "intensidadeVento": 4.9, 
                "descDirVento": "NW"
            }
        }, 
        {
            "geometry": {
                "type": "Point", 
                "coordinates": [
                    -8.7367, 
                    39.2012
                ]
            }, 
            "type": "Feature", 
            "properties": {
                "intensidadeVentoKM": 12.2, 
                "temperatura": 31.4, 
                "idEstacao": 1210734, 
                "pressao": 1014.1, 
                "humidade": 34.0, 
                "localEstacao": "Santar\u00e9m, Fonte Boa", 
                "precAcumulada": 0.0, 
                "idDireccVento": 7, 
                "radiacao": 2702.1, 
                "time": "2025-08-25T14:00:00", 
                "intensidadeVento": 3.4, 
                "descDirVento": "W"
            }
        }, 
        {
            "geometry": {
                "type": "Point", 
                "coordinates": [
                    -9.179, 
                    39.0439
                ]
            }, 
            "type": "Feature", 
            "properties": {
                "intensidadeVentoKM": 16.9, 
                "temperatura": 26.6, 
                "idEstacao": 1210739, 
                "pressao": -99.0, 
                "humidade": 55.0, 
                "localEstacao": "Torres Vedras, Dois Portos", 
                "precAcumulada": 0.0, 
                "idDireccVento": 8, 
                "radiacao": 3106.2, 
                "time": "2025-08-25T14:00:00", 
                "intensidadeVento": 4.7, 
                "descDirVento": "NW"
            }
        }, 
        {
            "geometry": {
                "type": "Point", 
                "coordinates": [
                    -8.5107, 
                    38.941
                ]
            }, 
            "type": "Feature", 
            "properties": {
                "intensidadeVentoKM": 13.0, 
                "temperatura": 31.2, 
                "idEstacao": 1210744, 
                "pressao": -99.0, 
                "humidade": -99.0, 
                "localEstacao": "Coruche (Est. de Regadio - I.N.I.A.)", 
                "precAcumulada": 0.0, 
                "idDireccVento": 7, 
                "radiacao": 3042.7, 
                "time": "2025-08-25T14:00:00", 
                "intensidadeVento": 3.6, 
                "descDirVento": "W"
            }
        }, 
        {
            "geometry": {
                "type": "Point", 
                "coordinates": [
                    -9.379, 
                    39.1259
                ]
            }, 
            "type": "Feature", 
            "properties": {
                "intensidadeVentoKM": 18.7, 
                "temperatura": 21.8, 
                "idEstacao": 1210746, 
                "pressao": 1016.0, 
                "humidade": 73.0, 
                "localEstacao": "Santa Cruz (Aer\u00f3dromo)", 
                "precAcumulada": 0.0, 
                "idDireccVento": 8, 
                "radiacao": 944.5, 
                "time": "2025-08-25T14:00:00", 
                "intensidadeVento": 5.2, 
                "descDirVento": "NW"
            }
        }, 
        {
            "geometry": {
                "type": "Point", 
                "coordinates": [
                    -9.46, 
                    38.8126
                ]
            }, 
            "type": "Feature", 
            "properties": {
                "intensidadeVentoKM": -99.0, 
                "temperatura": -99.0, 
                "idEstacao": 1210747, 
                "pressao": -99.0, 
                "humidade": -99.0, 
                "localEstacao": "Sintra, Colares", 
                "precAcumulada": 0.0, 
                "idDireccVento": 0, 
                "radiacao": -99.0, 
                "time": "2025-08-25T14:00:00", 
                "intensidadeVento": -99.0, 
                "descDirVento": "---"
            }
        }, 
        {
            "geometry": {
                "type": "Point", 
                "coordinates": [
                    -9.4975, 
                    38.7817
                ]
            }, 
            "type": "Feature", 
            "properties": {
                "intensidadeVentoKM": 41.8, 
                "temperatura": 20.0, 
                "idEstacao": 1210750, 
                "pressao": -99.0, 
                "humidade": 81.0, 
                "localEstacao": "Cabo da Roca", 
                "precAcumulada": 0.0, 
                "idDireccVento": 9, 
                "radiacao": 3252.1, 
                "time": "2025-08-25T14:00:00", 
                "intensidadeVento": 11.6, 
                "descDirVento": "N"
            }
        }, 
        {
            "geometry": {
                "type": "Point", 
                "coordinates": [
                    -9.4004, 
                    38.7817
                ]
            }, 
            "type": "Feature", 
            "properties": {
                "intensidadeVentoKM": 15.5, 
                "temperatura": 20.0, 
                "idEstacao": 1210752, 
                "pressao": -99.0, 
                "humidade": 75.0, 
                "localEstacao": "Sintra/Tapada do Mouco", 
                "precAcumulada": 0.0, 
                "idDireccVento": 8, 
                "radiacao": -99.0, 
                "time": "2025-08-25T14:00:00", 
                "intensidadeVento": 4.3, 
                "descDirVento": "NW"
            }
        }, 
        {
            "geometry": {
                "type": "Point", 
                "coordinates": [
                    -9.1828, 
                    38.7096
                ]
            }, 
            "type": "Feature", 
            "properties": {
                "intensidadeVentoKM": 10.4, 
                "temperatura": 29.6, 
                "idEstacao": 1210762, 
                "pressao": -99.0, 
                "humidade": 44.0, 
                "localEstacao": "Lisboa, Tapada da Ajuda", 
                "precAcumulada": 0.0, 
                "idDireccVento": 9, 
                "radiacao": 3159.8, 
                "time": "2025-08-25T14:00:00", 
                "intensidadeVento": 2.9, 
                "descDirVento": "N"
            }
        }, 
        {
            "geometry": {
                "type": "Point", 
                "coordinates": [
                    -9.4854, 
                    38.709
                ]
            }, 
            "type": "Feature", 
            "properties": {
                "intensidadeVentoKM": 28.8, 
                "temperatura": 20.1, 
                "idEstacao": 1210765, 
                "pressao": -99.0, 
                "humidade": 83.0, 
                "localEstacao": "Cabo Raso", 
                "precAcumulada": 0.0, 
                "idDireccVento": 8, 
                "radiacao": -99.0, 
                "time": "2025-08-25T14:00:00", 
                "intensidadeVento": 8.0, 
                "descDirVento": "NW"
            }
        }, 
        {
            "geometry": {
                "type": "Point", 
                "coordinates": [
                    -9.0477, 
                    38.6745
                ]
            }, 
            "type": "Feature", 
            "properties": {
                "intensidadeVentoKM": 4.7, 
                "temperatura": 28.9, 
                "idEstacao": 1210766, 
                "pressao": -99.0, 
                "humidade": 44.0, 
                "localEstacao": "Barreiro, Lavradio", 
                "precAcumulada": 0.0, 
                "idDireccVento": 8, 
                "radiacao": 2942.9, 
                "time": "2025-08-25T14:00:00", 
                "intensidadeVento": 1.3, 
                "descDirVento": "NW"
            }
        }, 
        {
            "geometry": {
                "type": "Point", 
                "coordinates": [
                    -8.635, 
                    38.6508
                ]
            }, 
            "type": "Feature", 
            "properties": {
                "intensidadeVentoKM": 10.8, 
                "temperatura": 31.5, 
                "idEstacao": 1210767, 
                "pressao": -99.0, 
                "humidade": 49.0, 
                "localEstacao": "Peg\u00f5es", 
                "precAcumulada": 0.0, 
                "idDireccVento": 7, 
                "radiacao": 3269.7, 
                "time": "2025-08-25T14:00:00", 
                "intensidadeVento": 3.0, 
                "descDirVento": "W"
            }
        }, 
        {
            "geometry": {
                "type": "Point", 
                "coordinates": [
                    -8.8908, 
                    38.5485
                ]
            }, 
            "type": "Feature", 
            "properties": {
                "intensidadeVentoKM": 8.3, 
                "temperatura": 28.2, 
                "idEstacao": 1210770, 
                "pressao": -99.0, 
                "humidade": 48.0, 
                "localEstacao": "Set\u00fabal (Est. de Fruticultura)", 
                "precAcumulada": 0.0, 
                "idDireccVento": 5, 
                "radiacao": 2884.4, 
                "time": "2025-08-25T14:00:00", 
                "intensidadeVento": 2.3, 
                "descDirVento": "S"
            }
        }, 
        {
            "geometry": {
                "type": "Point", 
                "coordinates": [
                    -8.4833, 
                    38.3667
                ]
            }, 
            "type": "Feature", 
            "properties": {
                "intensidadeVentoKM": 16.2, 
                "temperatura": 30.5, 
                "idEstacao": 1210776, 
                "pressao": -99.0, 
                "humidade": 35.0, 
                "localEstacao": "Alc\u00e1cer do Sal, Barrosinha", 
                "precAcumulada": 0.0, 
                "idDireccVento": 7, 
                "radiacao": 2995.7, 
                "time": "2025-08-25T14:00:00", 
                "intensidadeVento": 4.5, 
                "descDirVento": "W"
            }
        }, 
        {
            "geometry": {
                "type": "Point", 
                "coordinates": [
                    -8.3945, 
                    37.9468
                ]
            }, 
            "type": "Feature", 
            "properties": {
                "intensidadeVentoKM": 14.0, 
                "temperatura": 32.9, 
                "idEstacao": 1210783, 
                "pressao": -99.0, 
                "humidade": 32.0, 
                "localEstacao": "Alvalade", 
                "precAcumulada": 0.0, 
                "idDireccVento": 8, 
                "radiacao": 3064.7, 
                "time": "2025-08-25T14:00:00", 
                "intensidadeVento": 3.9, 
                "descDirVento": "NW"
            }
        }, 
        {
            "geometry": {
                "type": "Point", 
                "coordinates": [
                    -8.3019, 
                    37.5025
                ]
            }, 
            "type": "Feature", 
            "properties": {
                "intensidadeVentoKM": 22.0, 
                "temperatura": 30.7, 
                "idEstacao": 1210785, 
                "pressao": 1013.0, 
                "humidade": 38.0, 
                "localEstacao": "Ourique / Santana da Serra", 
                "precAcumulada": 0.0, 
                "idDireccVento": 6, 
                "radiacao": 3064.8, 
                "time": "2025-08-25T14:00:00", 
                "intensidadeVento": 6.1, 
                "descDirVento": "SW"
            }
        }, 
        {
            "geometry": {
                "type": "Point", 
                "coordinates": [
                    -8.7429, 
                    37.582
                ]
            }, 
            "type": "Feature", 
            "properties": {
                "intensidadeVentoKM": 7.6, 
                "temperatura": 25.6, 
                "idEstacao": 1210788, 
                "pressao": -99.0, 
                "humidade": 57.0, 
                "localEstacao": "Zambujeira", 
                "precAcumulada": 0.0, 
                "idDireccVento": 8, 
                "radiacao": 3122.8, 
                "time": "2025-08-25T14:00:00", 
                "intensidadeVento": 2.1, 
                "descDirVento": "NW"
            }
        }, 
        {
            "geometry": {
                "type": "Point", 
                "coordinates": [
                    -8.8, 
                    37.3168
                ]
            }, 
            "type": "Feature", 
            "properties": {
                "intensidadeVentoKM": 10.1, 
                "temperatura": 24.9, 
                "idEstacao": 1210789, 
                "pressao": -99.0, 
                "humidade": 61.0, 
                "localEstacao": "Aljezur", 
                "precAcumulada": 0.0, 
                "idDireccVento": 8, 
                "radiacao": 3170.0, 
                "time": "2025-08-25T14:00:00", 
                "intensidadeVento": 2.8, 
                "descDirVento": "NW"
            }
        }, 
        {
            "geometry": {
                "type": "Point", 
                "coordinates": [
                    -8.5957, 
                    37.3143
                ]
            }, 
            "type": "Feature", 
            "properties": {
                "intensidadeVentoKM": 18.0, 
                "temperatura": 22.8, 
                "idEstacao": 1210790, 
                "pressao": -99.0, 
                "humidade": 57.0, 
                "localEstacao": "Fo\u00eda", 
                "precAcumulada": 0.0, 
                "idDireccVento": 8, 
                "radiacao": 3431.4, 
                "time": "2025-08-25T14:00:00", 
                "intensidadeVento": 5.0, 
                "descDirVento": "NW"
            }
        }, 
        {
            "geometry": {
                "type": "Point", 
                "coordinates": [
                    -7.0369, 
                    40.3392
                ]
            }, 
            "type": "Feature", 
            "properties": {
                "intensidadeVentoKM": 10.1, 
                "temperatura": 30.8, 
                "idEstacao": 1210800, 
                "pressao": -99.0, 
                "humidade": 25.0, 
                "localEstacao": "Sabugal, Martim Rei", 
                "precAcumulada": 0.0, 
                "idDireccVento": 5, 
                "radiacao": -99.0, 
                "time": "2025-08-25T14:00:00", 
                "intensidadeVento": 2.8, 
                "descDirVento": "S"
            }
        }, 
        {
            "geometry": {
                "type": "Point", 
                "coordinates": [
                    -7.0167, 
                    39.8667
                ]
            }, 
            "type": "Feature", 
            "properties": {
                "intensidadeVentoKM": 9.7, 
                "temperatura": 33.9, 
                "idEstacao": 1210803, 
                "pressao": -99.0, 
                "humidade": 23.0, 
                "localEstacao": "Zebreira", 
                "precAcumulada": 0.0, 
                "idDireccVento": 5, 
                "radiacao": 3181.8, 
                "time": "2025-08-25T14:00:00", 
                "intensidadeVento": 2.7, 
                "descDirVento": "S"
            }
        }, 
        {
            "geometry": {
                "type": "Point", 
                "coordinates": [
                    -7.8667, 
                    39.7333
                ]
            }, 
            "type": "Feature", 
            "properties": {
                "intensidadeVentoKM": 3.6, 
                "temperatura": 32.9, 
                "idEstacao": 1210806, 
                "pressao": -99.0, 
                "humidade": 25.0, 
                "localEstacao": "Proen\u00e7a-a-Nova, P.Moitas", 
                "precAcumulada": 0.0, 
                "idDireccVento": 5, 
                "radiacao": 2597.5, 
                "time": "2025-08-25T14:00:00", 
                "intensidadeVento": 1.0, 
                "descDirVento": "S"
            }
        }, 
        {
            "geometry": {
                "type": "Point", 
                "coordinates": [
                    -8.05, 
                    39.4667
                ]
            }, 
            "type": "Feature", 
            "properties": {
                "intensidadeVentoKM": 7.2, 
                "temperatura": 34.0, 
                "idEstacao": 1210812, 
                "pressao": -99.0, 
                "humidade": 28.0, 
                "localEstacao": "Alvega", 
                "precAcumulada": 0.0, 
                "idDireccVento": 7, 
                "radiacao": -99.0, 
                "time": "2025-08-25T14:00:00", 
                "intensidadeVento": 2.0, 
                "descDirVento": "W"
            }
        }, 
        {
            "geometry": {
                "type": "Point", 
                "coordinates": [
                    -7.8667, 
                    39.1
                ]
            }, 
            "type": "Feature", 
            "properties": {
                "intensidadeVentoKM": 5.8, 
                "temperatura": 33.0, 
                "idEstacao": 1210824, 
                "pressao": -99.0, 
                "humidade": 27.0, 
                "localEstacao": "Avis, Benavila (Esc. Abreu Callado)", 
                "precAcumulada": 0.0, 
                "idDireccVento": 6, 
                "radiacao": 2785.4, 
                "time": "2025-08-25T14:00:00", 
                "intensidadeVento": 1.6, 
                "descDirVento": "SW"
            }
        }, 
        {
            "geometry": {
                "type": "Point", 
                "coordinates": [
                    -8.1641, 
                    38.9407
                ]
            }, 
            "type": "Feature", 
            "properties": {
                "intensidadeVentoKM": 8.3, 
                "temperatura": 31.5, 
                "idEstacao": 1210826, 
                "pressao": -99.0, 
                "humidade": 30.0, 
                "localEstacao": "Mora", 
                "precAcumulada": 0.0, 
                "idDireccVento": 8, 
                "radiacao": 2814.1, 
                "time": "2025-08-25T14:00:00", 
                "intensidadeVento": 2.3, 
                "descDirVento": "NW"
            }
        }, 
        {
            "geometry": {
                "type": "Point", 
                "coordinates": [
                    -7.1398, 
                    38.8908
                ]
            }, 
            "type": "Feature", 
            "properties": {
                "intensidadeVentoKM": 6.8, 
                "temperatura": 33.5, 
                "idEstacao": 1210835, 
                "pressao": -99.0, 
                "humidade": 26.0, 
                "localEstacao": "Elvas", 
                "precAcumulada": 0.0, 
                "idDireccVento": 4, 
                "radiacao": 2989.5, 
                "time": "2025-08-25T14:00:00", 
                "intensidadeVento": 1.9, 
                "descDirVento": "SE"
            }
        }, 
        {
            "geometry": {
                "type": "Point", 
                "coordinates": [
                    -7.5167, 
                    38.8667
                ]
            }, 
            "type": "Feature", 
            "properties": {
                "intensidadeVentoKM": -99.0, 
                "temperatura": 31.6, 
                "idEstacao": 1210837, 
                "pressao": -99.0, 
                "humidade": 34.0, 
                "localEstacao": "Estremoz", 
                "precAcumulada": 0.0, 
                "idDireccVento": 0, 
                "radiacao": 3049.1, 
                "time": "2025-08-25T14:00:00", 
                "intensidadeVento": -99.0, 
                "descDirVento": "---"
            }
        }, 
        {
            "geometry": {
                "type": "Point", 
                "coordinates": [
                    -7.4729, 
                    38.4849
                ]
            }, 
            "type": "Feature", 
            "properties": {
                "intensidadeVentoKM": 6.5, 
                "temperatura": 34.1, 
                "idEstacao": 1210840, 
                "pressao": -99.0, 
                "humidade": 25.0, 
                "localEstacao": "Reguengos, S.Pedro do Corval", 
                "precAcumulada": 0.0, 
                "idDireccVento": 4, 
                "radiacao": 3084.5, 
                "time": "2025-08-25T14:00:00", 
                "intensidadeVento": 1.8, 
                "descDirVento": "SE"
            }
        }, 
        {
            "geometry": {
                "type": "Point", 
                "coordinates": [
                    -8.1991, 
                    38.6451
                ]
            }, 
            "type": "Feature", 
            "properties": {
                "intensidadeVentoKM": 9.0, 
                "temperatura": 31.1, 
                "idEstacao": 1210846, 
                "pressao": 1014.2, 
                "humidade": 33.0, 
                "localEstacao": "Montemor-O-Novo", 
                "precAcumulada": 0.0, 
                "idDireccVento": 7, 
                "radiacao": -99.0, 
                "time": "2025-08-25T14:00:00", 
                "intensidadeVento": 2.5, 
                "descDirVento": "W"
            }
        }, 
        {
            "geometry": {
                "type": "Point", 
                "coordinates": [
                    -8.0455, 
                    38.3319
                ]
            }, 
            "type": "Feature", 
            "properties": {
                "intensidadeVentoKM": 15.5, 
                "temperatura": 32.7, 
                "idEstacao": 1210847, 
                "pressao": -99.0, 
                "humidade": 24.0, 
                "localEstacao": "Viana do Alentejo", 
                "precAcumulada": 0.0, 
                "idDireccVento": 8, 
                "radiacao": 3137.0, 
                "time": "2025-08-25T14:00:00", 
                "intensidadeVento": 4.3, 
                "descDirVento": "NW"
            }
        }, 
        {
            "geometry": {
                "type": "Point", 
                "coordinates": [
                    -7.8667, 
                    38.3167
                ]
            }, 
            "type": "Feature", 
            "properties": {
                "intensidadeVentoKM": 6.5, 
                "temperatura": 33.8, 
                "idEstacao": 1210848, 
                "pressao": -99.0, 
                "humidade": 28.0, 
                "localEstacao": "Portel, Oriola", 
                "precAcumulada": 0.0, 
                "idDireccVento": 8, 
                "radiacao": -99.0, 
                "time": "2025-08-25T14:00:00", 
                "intensidadeVento": 1.8, 
                "descDirVento": "NW"
            }
        }, 
        {
            "geometry": {
                "type": "Point", 
                "coordinates": [
                    -7.2261, 
                    38.2007
                ]
            }, 
            "type": "Feature", 
            "properties": {
                "intensidadeVentoKM": 6.8, 
                "temperatura": 33.0, 
                "idEstacao": 1210851, 
                "pressao": 1011.9, 
                "humidade": 30.0, 
                "localEstacao": "Amareleja", 
                "precAcumulada": 0.0, 
                "idDireccVento": 6, 
                "radiacao": 2989.6, 
                "time": "2025-08-25T14:00:00", 
                "intensidadeVento": 1.9, 
                "descDirVento": "SW"
            }
        }, 
        {
            "geometry": {
                "type": "Point", 
                "coordinates": [
                    -7.55, 
                    37.75
                ]
            }, 
            "type": "Feature", 
            "properties": {
                "intensidadeVentoKM": 3.2, 
                "temperatura": 32.6, 
                "idEstacao": 1210863, 
                "pressao": -99.0, 
                "humidade": 30.0, 
                "localEstacao": "M\u00e9rtola, Vale Formoso", 
                "precAcumulada": 0.0, 
                "idDireccVento": 1, 
                "radiacao": 2729.4, 
                "time": "2025-08-25T14:00:00", 
                "intensidadeVento": 0.9, 
                "descDirVento": "N"
            }
        }, 
        {
            "geometry": {
                "type": "Point", 
                "coordinates": [
                    -7.9721, 
                    37.5766
                ]
            }, 
            "type": "Feature", 
            "properties": {
                "intensidadeVentoKM": 14.8, 
                "temperatura": 32.4, 
                "idEstacao": 1210864, 
                "pressao": -99.0, 
                "humidade": 27.0, 
                "localEstacao": "Castro Verde, N.Corvo", 
                "precAcumulada": 0.0, 
                "idDireccVento": 8, 
                "radiacao": 2880.4, 
                "time": "2025-08-25T14:00:00", 
                "intensidadeVento": 4.1, 
                "descDirVento": "NW"
            }
        }, 
        {
            "geometry": {
                "type": "Point", 
                "coordinates": [
                    -7.7667, 
                    37.4333
                ]
            }, 
            "type": "Feature", 
            "properties": {
                "intensidadeVentoKM": 11.9, 
                "temperatura": 31.2, 
                "idEstacao": 1210865, 
                "pressao": 1012.7, 
                "humidade": 31.0, 
                "localEstacao": "Alcoutim, Mart.Longo", 
                "precAcumulada": 0.0, 
                "idDireccVento": 8, 
                "radiacao": -99.0, 
                "time": "2025-08-25T14:00:00", 
                "intensidadeVento": 3.3, 
                "descDirVento": "NW"
            }
        }, 
        {
            "geometry": {
                "type": "Point", 
                "coordinates": [
                    -7.4163, 
                    37.1871
                ]
            }, 
            "type": "Feature", 
            "properties": {
                "intensidadeVentoKM": -99.0, 
                "temperatura": 26.9, 
                "idEstacao": 1210866, 
                "pressao": -99.0, 
                "humidade": 63.0, 
                "localEstacao": "Vila Real de S.Ant\u00f3nio", 
                "precAcumulada": 0.0, 
                "idDireccVento": 0, 
                "radiacao": -99.0, 
                "time": "2025-08-25T14:00:00", 
                "intensidadeVento": -99.0, 
                "descDirVento": "---"
            }
        }, 
        {
            "geometry": {
                "type": "Point", 
                "coordinates": [
                    -7.45, 
                    37.2167
                ]
            }, 
            "type": "Feature", 
            "properties": {
                "intensidadeVentoKM": 22.7, 
                "temperatura": 26.6, 
                "idEstacao": 1210867, 
                "pressao": -99.0, 
                "humidade": 65.0, 
                "localEstacao": "Castro Marim (RN Sapal)", 
                "precAcumulada": 0.0, 
                "idDireccVento": 6, 
                "radiacao": 3065.0, 
                "time": "2025-08-25T14:00:00", 
                "intensidadeVento": 6.3, 
                "descDirVento": "SW"
            }
        }, 
        {
            "geometry": {
                "type": "Point", 
                "coordinates": [
                    -8.262, 
                    37.0935
                ]
            }, 
            "type": "Feature", 
            "properties": {
                "intensidadeVentoKM": 18.0, 
                "temperatura": 26.1, 
                "idEstacao": 1210874, 
                "pressao": -99.0, 
                "humidade": 55.0, 
                "localEstacao": "Albufeira", 
                "precAcumulada": 0.0, 
                "idDireccVento": 6, 
                "radiacao": -99.0, 
                "time": "2025-08-25T14:00:00", 
                "intensidadeVento": 5.0, 
                "descDirVento": "SW"
            }
        }, 
        {
            "geometry": {
                "type": "Point", 
                "coordinates": [
                    -8.5814, 
                    37.1492
                ]
            }, 
            "type": "Feature", 
            "properties": {
                "intensidadeVentoKM": 24.8, 
                "temperatura": 29.6, 
                "idEstacao": 1210878, 
                "pressao": 1013.6, 
                "humidade": 39.0, 
                "localEstacao": "Portim\u00e3o (Aer\u00f3dromo)", 
                "precAcumulada": 0.0, 
                "idDireccVento": 7, 
                "radiacao": 3276.4, 
                "time": "2025-08-25T14:00:00", 
                "intensidadeVento": 6.9, 
                "descDirVento": "W"
            }
        }, 
        {
            "geometry": {
                "type": "Point", 
                "coordinates": [
                    -7.821, 
                    37.033
                ]
            }, 
            "type": "Feature", 
            "properties": {
                "intensidadeVentoKM": 0.4, 
                "temperatura": 25.2, 
                "idEstacao": 1210881, 
                "pressao": 1014.4, 
                "humidade": 68.0, 
                "localEstacao": "Olh\u00e3o, EPPO", 
                "precAcumulada": 0.0, 
                "idDireccVento": 5, 
                "radiacao": -99.0, 
                "time": "2025-08-25T14:00:00", 
                "intensidadeVento": 0.1, 
                "descDirVento": "S"
            }
        }, 
        {
            "geometry": {
                "type": "Point", 
                "coordinates": [
                    -7.6205, 
                    37.1217
                ]
            }, 
            "type": "Feature", 
            "properties": {
                "intensidadeVentoKM": 19.4, 
                "temperatura": 27.1, 
                "idEstacao": 1210883, 
                "pressao": 1014.8, 
                "humidade": 65.0, 
                "localEstacao": "Tavira", 
                "precAcumulada": 0.0, 
                "idDireccVento": 6, 
                "radiacao": -99.0, 
                "time": "2025-08-25T14:00:00", 
                "intensidadeVento": 5.4, 
                "descDirVento": "SW"
            }
        }, 
        {
            "geometry": {
                "type": "Point", 
                "coordinates": [
                    -25.1501, 
                    37.8326
                ]
            }, 
            "type": "Feature", 
            "properties": {
                "intensidadeVentoKM": 12.2, 
                "temperatura": 24.1, 
                "idEstacao": 1210932, 
                "pressao": -99.0, 
                "humidade": 65.0, 
                "localEstacao": "S. Miguel, Nordeste", 
                "precAcumulada": -99.0, 
                "idDireccVento": 9, 
                "radiacao": -99.0, 
                "time": "2025-08-25T14:00:00", 
                "intensidadeVento": 3.4, 
                "descDirVento": "N"
            }
        }, 
        {
            "geometry": {
                "type": "Point", 
                "coordinates": [
                    -17.1714, 
                    32.8675
                ]
            }, 
            "type": "Feature", 
            "properties": {
                "intensidadeVentoKM": -99.0, 
                "temperatura": 25.8, 
                "idEstacao": 1210956, 
                "pressao": -99.0, 
                "humidade": 86.0, 
                "localEstacao": "Madeira, Porto Moniz", 
                "precAcumulada": 0.0, 
                "idDireccVento": 0, 
                "radiacao": 993.3, 
                "time": "2025-08-25T14:00:00", 
                "intensidadeVento": -99.0, 
                "descDirVento": "---"
            }
        }, 
        {
            "geometry": {
                "type": "Point", 
                "coordinates": [
                    -16.9062, 
                    32.8345
                ]
            }, 
            "type": "Feature", 
            "properties": {
                "intensidadeVentoKM": -99.0, 
                "temperatura": 22.8, 
                "idEstacao": 1210960, 
                "pressao": 1020.0, 
                "humidade": -99.0, 
                "localEstacao": "Madeira, S. Jorge, Santana", 
                "precAcumulada": 0.0, 
                "idDireccVento": 0, 
                "radiacao": 1543.7, 
                "time": "2025-08-25T14:00:00", 
                "intensidadeVento": -99.0, 
                "descDirVento": "---"
            }
        }, 
        {
            "geometry": {
                "type": "Point", 
                "coordinates": [
                    -16.8864, 
                    32.8082
                ]
            }, 
            "type": "Feature", 
            "properties": {
                "intensidadeVentoKM": -99.0, 
                "temperatura": 23.4, 
                "idEstacao": 1210965, 
                "pressao": -99.0, 
                "humidade": 88.0, 
                "localEstacao": "Madeira, Santana", 
                "precAcumulada": 0.0, 
                "idDireccVento": 0, 
                "radiacao": 1710.6, 
                "time": "2025-08-25T14:00:00", 
                "intensidadeVento": -99.0, 
                "descDirVento": "---"
            }
        }, 
        {
            "geometry": {
                "type": "Point", 
                "coordinates": [
                    -17.0447, 
                    32.8002
                ]
            }, 
            "type": "Feature", 
            "properties": {
                "intensidadeVentoKM": -99.0, 
                "temperatura": 24.2, 
                "idEstacao": 1210967, 
                "pressao": -99.0, 
                "humidade": 88.0, 
                "localEstacao": "Madeira, S\u00e3o Vicente", 
                "precAcumulada": 0.0, 
                "idDireccVento": 0, 
                "radiacao": 919.4, 
                "time": "2025-08-25T14:00:00", 
                "intensidadeVento": -99.0, 
                "descDirVento": "---"
            }
        }, 
        {
            "geometry": {
                "type": "Point", 
                "coordinates": [
                    -16.904, 
                    32.6935
                ]
            }, 
            "type": "Feature", 
            "properties": {
                "intensidadeVentoKM": 2.5, 
                "temperatura": 21.0, 
                "idEstacao": 1210972, 
                "pressao": -99.0, 
                "humidade": -99.0, 
                "localEstacao": "Pico Alto", 
                "precAcumulada": 0.0, 
                "idDireccVento": 5, 
                "radiacao": 0.0, 
                "time": "2025-08-25T14:00:00", 
                "intensidadeVento": 0.7, 
                "descDirVento": "S"
            }
        }, 
        {
            "geometry": {
                "type": "Point", 
                "coordinates": [
                    -16.9167, 
                    32.7167
                ]
            }, 
            "type": "Feature", 
            "properties": {
                "intensidadeVentoKM": 22.7, 
                "temperatura": 15.1, 
                "idEstacao": 1210973, 
                "pressao": -99.0, 
                "humidade": 99.0, 
                "localEstacao": "Madeira, Areeiro", 
                "precAcumulada": 0.0, 
                "idDireccVento": 2, 
                "radiacao": 2002.2, 
                "time": "2025-08-25T14:00:00", 
                "intensidadeVento": 6.3, 
                "descDirVento": "NE"
            }
        }, 
        {
            "geometry": {
                "type": "Point", 
                "coordinates": [
                    -16.9283, 
                    32.7351
                ]
            }, 
            "type": "Feature", 
            "properties": {
                "intensidadeVentoKM": -99.0, 
                "temperatura": 13.8, 
                "idEstacao": 1210974, 
                "pressao": -99.0, 
                "humidade": 100.0, 
                "localEstacao": "Madeira, Pico do Areeiro", 
                "precAcumulada": 0.0, 
                "idDireccVento": 0, 
                "radiacao": -99.0, 
                "time": "2025-08-25T14:00:00", 
                "intensidadeVento": -99.0, 
                "descDirVento": "---"
            }
        }, 
        {
            "geometry": {
                "type": "Point", 
                "coordinates": [
                    -16.9069, 
                    32.6758
                ]
            }, 
            "type": "Feature", 
            "properties": {
                "intensidadeVentoKM": 5.4, 
                "temperatura": 26.0, 
                "idEstacao": 1210976, 
                "pressao": -99.0, 
                "humidade": 64.0, 
                "localEstacao": "Monte ", 
                "precAcumulada": 0.0, 
                "idDireccVento": 5, 
                "radiacao": 3316.9, 
                "time": "2025-08-25T14:00:00", 
                "intensidadeVento": 1.5, 
                "descDirVento": "S"
            }
        }, 
        {
            "geometry": {
                "type": "Point", 
                "coordinates": [
                    -16.8657, 
                    32.645
                ]
            }, 
            "type": "Feature", 
            "properties": {
                "intensidadeVentoKM": 4.3, 
                "temperatura": 25.6, 
                "idEstacao": 1210977, 
                "pressao": -99.0, 
                "humidade": 73.0, 
                "localEstacao": "Madeira, Cancela, Funchal", 
                "precAcumulada": 0.0, 
                "idDireccVento": 8, 
                "radiacao": 3448.3, 
                "time": "2025-08-25T14:00:00", 
                "intensidadeVento": 1.2, 
                "descDirVento": "NW"
            }
        }, 
        {
            "geometry": {
                "type": "Point", 
                "coordinates": [
                    -16.706, 
                    32.747
                ]
            }, 
            "type": "Feature", 
            "properties": {
                "intensidadeVentoKM": 25.9, 
                "temperatura": 23.7, 
                "idEstacao": 1210978, 
                "pressao": -99.0, 
                "humidade": 90.0, 
                "localEstacao": "Madeira, Cani\u00e7al, S. Louren\u00e7o", 
                "precAcumulada": 0.0, 
                "idDireccVento": 9, 
                "radiacao": 1771.8, 
                "time": "2025-08-25T14:00:00", 
                "intensidadeVento": 7.2, 
                "descDirVento": "N"
            }
        }, 
        {
            "geometry": {
                "type": "Point", 
                "coordinates": [
                    -17.015, 
                    32.663
                ]
            }, 
            "type": "Feature", 
            "properties": {
                "intensidadeVentoKM": -99.0, 
                "temperatura": 24.4, 
                "idEstacao": 1210984, 
                "pressao": -99.0, 
                "humidade": 54.0, 
                "localEstacao": "Madeira, Quinta Grande", 
                "precAcumulada": 0.0, 
                "idDireccVento": 0, 
                "radiacao": 2350.0, 
                "time": "2025-08-25T14:00:00", 
                "intensidadeVento": -99.0, 
                "descDirVento": "---"
            }
        }, 
        {
            "geometry": {
                "type": "Point", 
                "coordinates": [
                    -17.1042, 
                    32.6815
                ]
            }, 
            "type": "Feature", 
            "properties": {
                "intensidadeVentoKM": 7.2, 
                "temperatura": 27.7, 
                "idEstacao": 1210986, 
                "pressao": -99.0, 
                "humidade": 68.0, 
                "localEstacao": "Ponta do Sol/Lugar de Baixo", 
                "precAcumulada": 0.0, 
                "idDireccVento": 3, 
                "radiacao": 2962.4, 
                "time": "2025-08-25T14:00:00", 
                "intensidadeVento": 2.0, 
                "descDirVento": "E"
            }
        }, 
        {
            "geometry": {
                "type": "Point", 
                "coordinates": [
                    -17.2016, 
                    32.7572
                ]
            }, 
            "type": "Feature", 
            "properties": {
                "intensidadeVentoKM": 14.4, 
                "temperatura": 24.1, 
                "idEstacao": 1210987, 
                "pressao": -99.0, 
                "humidade": 77.0, 
                "localEstacao": "Madeira, Prazeres", 
                "precAcumulada": 0.0, 
                "idDireccVento": 1, 
                "radiacao": 3339.6, 
                "time": "2025-08-25T14:00:00", 
                "intensidadeVento": 4.0, 
                "descDirVento": "N"
            }
        }, 
        {
            "geometry": {
                "type": "Point", 
                "coordinates": [
                    -17.2632, 
                    32.8138
                ]
            }, 
            "type": "Feature", 
            "properties": {
                "intensidadeVentoKM": 13.7, 
                "temperatura": 22.0, 
                "idEstacao": 1210990, 
                "pressao": 1019.0, 
                "humidade": 94.0, 
                "localEstacao": "Madeira, Calheta", 
                "precAcumulada": 0.0, 
                "idDireccVento": 5, 
                "radiacao": 2788.9, 
                "time": "2025-08-25T14:00:00", 
                "intensidadeVento": 3.8, 
                "descDirVento": "S"
            }
        }, 
        {
            "geometry": {
                "type": "Point", 
                "coordinates": [
                    -8.6025, 
                    41.1385
                ]
            }, 
            "type": "Feature", 
            "properties": {
                "intensidadeVentoKM": 16.9, 
                "temperatura": 23.6, 
                "idEstacao": 1240546, 
                "pressao": 1013.6, 
                "humidade": 79.0, 
                "localEstacao": "Serra do Pilar", 
                "precAcumulada": 0.0, 
                "idDireccVento": 7, 
                "radiacao": -99.0, 
                "time": "2025-08-25T14:00:00", 
                "intensidadeVento": 4.7, 
                "descDirVento": "W"
            }
        }, 
        {
            "geometry": {
                "type": "Point", 
                "coordinates": [
                    -7.7405, 
                    41.309
                ]
            }, 
            "type": "Feature", 
            "properties": {
                "intensidadeVentoKM": 6.1, 
                "temperatura": 33.8, 
                "idEstacao": 1240566, 
                "pressao": -99.0, 
                "humidade": 22.0, 
                "localEstacao": "Vila Real (Cidade)", 
                "precAcumulada": 0.0, 
                "idDireccVento": 6, 
                "radiacao": -99.0, 
                "time": "2025-08-25T14:00:00", 
                "intensidadeVento": 1.7, 
                "descDirVento": "SW"
            }
        }, 
        {
            "geometry": {
                "type": "Point", 
                "coordinates": [
                    -8.8292, 
                    41.695
                ]
            }, 
            "type": "Feature", 
            "properties": {
                "intensidadeVentoKM": -99.0, 
                "temperatura": 21.6, 
                "idEstacao": 1240610, 
                "pressao": -99.0, 
                "humidade": 72.0, 
                "localEstacao": "Viana do Castelo (Cidade)", 
                "precAcumulada": 0.0, 
                "idDireccVento": 0, 
                "radiacao": -99.0, 
                "time": "2025-08-25T14:00:00", 
                "intensidadeVento": -99.0, 
                "descDirVento": "---"
            }
        }, 
        {
            "geometry": {
                "type": "Point", 
                "coordinates": [
                    -7.904, 
                    40.6627
                ]
            }, 
            "type": "Feature", 
            "properties": {
                "intensidadeVentoKM": -99.0, 
                "temperatura": 32.5, 
                "idEstacao": 1240675, 
                "pressao": -99.0, 
                "humidade": 20.0, 
                "localEstacao": "Viseu (Cidade)", 
                "precAcumulada": 0.0, 
                "idDireccVento": 0, 
                "radiacao": -99.0, 
                "time": "2025-08-25T14:00:00", 
                "intensidadeVento": -99.0, 
                "descDirVento": "---"
            }
        }, 
        {
            "geometry": {
                "type": "Point", 
                "coordinates": [
                    -8.626, 
                    41.1526
                ]
            }, 
            "type": "Feature", 
            "properties": {
                "intensidadeVentoKM": -99.0, 
                "temperatura": 22.9, 
                "idEstacao": 1240903, 
                "pressao": -99.0, 
                "humidade": 72.0, 
                "localEstacao": "Porto, Massarelos", 
                "precAcumulada": 0.0, 
                "idDireccVento": 0, 
                "radiacao": -99.0, 
                "time": "2025-08-25T14:00:00", 
                "intensidadeVento": -99.0, 
                "descDirVento": "---"
            }
        }, 
        {
            "geometry": {
                "type": "Point", 
                "coordinates": [
                    -16.9356, 
                    32.6365
                ]
            }, 
            "type": "Feature", 
            "properties": {
                "intensidadeVentoKM": 0.0, 
                "temperatura": 26.3, 
                "idEstacao": 1240971, 
                "pressao": -99.0, 
                "humidade": 71.0, 
                "localEstacao": "Funchal, Lido", 
                "precAcumulada": 0.0, 
                "idDireccVento": 0, 
                "radiacao": 3226.6, 
                "time": "2025-08-25T14:00:00", 
                "intensidadeVento": 0.0, 
                "descDirVento": "---"
            }
        }, 
        {
            "geometry": {
                "type": "Point", 
                "coordinates": [
                    -8.179, 
                    40.0933
                ]
            }, 
            "type": "Feature", 
            "properties": {
                "intensidadeVentoKM": 12.2, 
                "temperatura": 21.9, 
                "idEstacao": 1259201, 
                "pressao": -99.0, 
                "humidade": 60.0, 
                "localEstacao": "Lous\u00e3/Trevim", 
                "precAcumulada": 0.0, 
                "idDireccVento": 7, 
                "radiacao": -99.0, 
                "time": "2025-08-25T14:00:00", 
                "intensidadeVento": 3.4, 
                "descDirVento": "W"
            }
        }, 
        {
            "geometry": {
                "type": "Point", 
                "coordinates": [
                    -8.2048, 
                    40.0809
                ]
            }, 
            "type": "Feature", 
            "properties": {
                "intensidadeVentoKM": 3.2, 
                "temperatura": 25.3, 
                "idEstacao": 1259202, 
                "pressao": 1014.5, 
                "humidade": 55.0, 
                "localEstacao": "Lous\u00e3/Candal", 
                "precAcumulada": 0.0, 
                "idDireccVento": 1, 
                "radiacao": -99.0, 
                "time": "2025-08-25T14:00:00", 
                "intensidadeVento": 0.9, 
                "descDirVento": "N"
            }
        }, 
        {
            "geometry": {
                "type": "Point", 
                "coordinates": [
                    -7.6861, 
                    40.4552
                ]
            }, 
            "type": "Feature", 
            "properties": {
                "intensidadeVentoKM": 8.6, 
                "temperatura": 30.6, 
                "idEstacao": 1259203, 
                "pressao": 1013.8, 
                "humidade": 36.0, 
                "localEstacao": "Seia/Aer\u00f3dromo", 
                "precAcumulada": 0.0, 
                "idDireccVento": 7, 
                "radiacao": -99.0, 
                "time": "2025-08-25T14:00:00", 
                "intensidadeVento": 2.4, 
                "descDirVento": "W"
            }
        }, 
        {
            "geometry": {
                "type": "Point", 
                "coordinates": [
                    -7.6734, 
                    40.4128
                ]
            }, 
            "type": "Feature", 
            "properties": {
                "intensidadeVentoKM": 6.8, 
                "temperatura": 24.6, 
                "idEstacao": 1259204, 
                "pressao": 1013.9, 
                "humidade": 47.0, 
                "localEstacao": "Seia/Senhora do Espinheiro", 
                "precAcumulada": 0.0, 
                "idDireccVento": 7, 
                "radiacao": -99.0, 
                "time": "2025-08-25T14:00:00", 
                "intensidadeVento": 1.9, 
                "descDirVento": "W"
            }
        }, 
        {
            "geometry": {
                "type": "Point", 
                "coordinates": [
                    -8.7825, 
                    38.7627
                ]
            }, 
            "type": "Feature", 
            "properties": {
                "intensidadeVentoKM": 13.7, 
                "temperatura": 30.5, 
                "idEstacao": 5210758, 
                "pressao": -99.0, 
                "humidade": 37.0, 
                "localEstacao": "Alcochete / Campo Tiro", 
                "precAcumulada": 0.0, 
                "idDireccVento": 8, 
                "radiacao": -99.0, 
                "time": "2025-08-25T14:00:00", 
                "intensidadeVento": 3.8, 
                "descDirVento": "NW"
            }
        }, 
        {
            "geometry": {
                "type": "Point", 
                "coordinates": [
                    -8.0542, 
                    39.2154
                ]
            }, 
            "type": "Feature", 
            "properties": {
                "intensidadeVentoKM": 8.3, 
                "temperatura": 33.2, 
                "idEstacao": 6210817, 
                "pressao": 1012.8, 
                "humidade": 27.0, 
                "localEstacao": "Ponte de S\u00f4r / Aer\u00f3dromo", 
                "precAcumulada": -99.0, 
                "idDireccVento": 8, 
                "radiacao": -99.0, 
                "time": "2025-08-25T14:00:00", 
                "intensidadeVento": 2.3, 
                "descDirVento": "NW"
            }
        }, 
        {
            "geometry": {
                "type": "Point", 
                "coordinates": [
                    -8.0652, 
                    37.1299
                ]
            }, 
            "type": "Feature", 
            "properties": {
                "intensidadeVentoKM": 10.8, 
                "temperatura": 26.7, 
                "idEstacao": 6210872, 
                "pressao": 1014.2, 
                "humidade": 48.0, 
                "localEstacao": "Loul\u00e9 (CML)", 
                "precAcumulada": -99.0, 
                "idDireccVento": 5, 
                "radiacao": -99.0, 
                "time": "2025-08-25T14:00:00", 
                "intensidadeVento": 3.0, 
                "descDirVento": "S"
            }
        }, 
        {
            "geometry": {
                "type": "Point", 
                "coordinates": [
                    -8.5295, 
                    37.1167
                ]
            }, 
            "type": "Feature", 
            "properties": {
                "intensidadeVentoKM": 16.2, 
                "temperatura": 28.4, 
                "idEstacao": 6210879, 
                "pressao": -99.0, 
                "humidade": 47.0, 
                "localEstacao": "Portim\u00e3o, Praia da Rocha", 
                "precAcumulada": 0.0, 
                "idDireccVento": 7, 
                "radiacao": -99.0, 
                "time": "2025-08-25T14:00:00", 
                "intensidadeVento": 4.5, 
                "descDirVento": "W"
            }
        }, 
        {
            "geometry": {
                "type": "Point", 
                "coordinates": [
                    -8.4219, 
                    42.0429
                ]
            }, 
            "type": "Feature", 
            "properties": {
                "intensidadeVentoKM": 16.9, 
                "temperatura": 27.0, 
                "idEstacao": 6211211, 
                "pressao": 1013.0, 
                "humidade": 46.0, 
                "localEstacao": "Mon\u00e7\u00e3o - Guimil", 
                "precAcumulada": -99.0, 
                "idDireccVento": 7, 
                "radiacao": -99.0, 
                "time": "2025-08-25T14:00:00", 
                "intensidadeVento": 4.7, 
                "descDirVento": "W"
            }
        }, 
        {
            "geometry": {
                "type": "Point", 
                "coordinates": [
                    -8.4921, 
                    41.9134
                ]
            }, 
            "type": "Feature", 
            "properties": {
                "intensidadeVentoKM": 5.8, 
                "temperatura": 27.0, 
                "idEstacao": 6211213, 
                "pressao": 1013.7, 
                "humidade": 47.0, 
                "localEstacao": "Paredes De Coura - Vasc\u00f5es", 
                "precAcumulada": -99.0, 
                "idDireccVento": 6, 
                "radiacao": -99.0, 
                "time": "2025-08-25T14:00:00", 
                "intensidadeVento": 1.6, 
                "descDirVento": "SW"
            }
        }, 
        {
            "geometry": {
                "type": "Point", 
                "coordinates": [
                    -8.4437, 
                    41.831
                ]
            }, 
            "type": "Feature", 
            "properties": {
                "intensidadeVentoKM": 15.5, 
                "temperatura": 26.8, 
                "idEstacao": 6211216, 
                "pressao": 1014.2, 
                "humidade": 53.0, 
                "localEstacao": "Arcos De Valdevez - Heliporto", 
                "precAcumulada": 0.0, 
                "idDireccVento": 6, 
                "radiacao": 0.0, 
                "time": "2025-08-25T14:00:00", 
                "intensidadeVento": 4.3, 
                "descDirVento": "SW"
            }
        }, 
        {
            "geometry": {
                "type": "Point", 
                "coordinates": [
                    -8.5224, 
                    41.6981
                ]
            }, 
            "type": "Feature", 
            "properties": {
                "intensidadeVentoKM": 7.2, 
                "temperatura": 27.5, 
                "idEstacao": 6211218, 
                "pressao": 1014.1, 
                "humidade": 53.0, 
                "localEstacao": "Ponte De Lima - Anais", 
                "precAcumulada": 0.0, 
                "idDireccVento": 5, 
                "radiacao": -99.0, 
                "time": "2025-08-25T14:00:00", 
                "intensidadeVento": 2.0, 
                "descDirVento": "S"
            }
        }, 
        {
            "geometry": {
                "type": "Point", 
                "coordinates": [
                    -8.3181, 
                    41.7023
                ]
            }, 
            "type": "Feature", 
            "properties": {
                "intensidadeVentoKM": 13.0, 
                "temperatura": 26.4, 
                "idEstacao": 6212121, 
                "pressao": 1015.0, 
                "humidade": 59.0, 
                "localEstacao": "Terras de Bouro/Barral (CIM)", 
                "precAcumulada": 0.0, 
                "idDireccVento": 8, 
                "radiacao": 3034.8, 
                "time": "2025-08-25T14:00:00", 
                "intensidadeVento": 3.6, 
                "descDirVento": "NW"
            }
        }, 
        {
            "geometry": {
                "type": "Point", 
                "coordinates": [
                    -8.3798, 
                    41.668
                ]
            }, 
            "type": "Feature", 
            "properties": {
                "intensidadeVentoKM": 7.2, 
                "temperatura": 29.1, 
                "idEstacao": 6212122, 
                "pressao": 1015.5, 
                "humidade": 54.0, 
                "localEstacao": "Amares Caldelas (CIM)", 
                "precAcumulada": 0.0, 
                "idDireccVento": 6, 
                "radiacao": 2931.0, 
                "time": "2025-08-25T14:00:00", 
                "intensidadeVento": 2.0, 
                "descDirVento": "SW"
            }
        }, 
        {
            "geometry": {
                "type": "Point", 
                "coordinates": [
                    -8.434, 
                    41.6469
                ]
            }, 
            "type": "Feature", 
            "properties": {
                "intensidadeVentoKM": 8.3, 
                "temperatura": 28.7, 
                "idEstacao": 6212123, 
                "pressao": 1016.0, 
                "humidade": 58.0, 
                "localEstacao": "Vila Verde (CIM)", 
                "precAcumulada": -99.0, 
                "idDireccVento": 6, 
                "radiacao": 2925.0, 
                "time": "2025-08-25T14:00:00", 
                "intensidadeVento": 2.3, 
                "descDirVento": "SW"
            }
        }, 
        {
            "geometry": {
                "type": "Point", 
                "coordinates": [
                    -8.4251, 
                    41.5357
                ]
            }, 
            "type": "Feature", 
            "properties": {
                "intensidadeVentoKM": 12.6, 
                "temperatura": 27.7, 
                "idEstacao": 6212124, 
                "pressao": 1016.9, 
                "humidade": 52.0, 
                "localEstacao": "Braga (CIM)", 
                "precAcumulada": 0.0, 
                "idDireccVento": 7, 
                "radiacao": 2920.8, 
                "time": "2025-08-25T14:00:00", 
                "intensidadeVento": 3.5, 
                "descDirVento": "W"
            }
        }, 
        {
            "geometry": {
                "type": "Point", 
                "coordinates": [
                    -8.6271, 
                    41.5294
                ]
            }, 
            "type": "Feature", 
            "properties": {
                "intensidadeVentoKM": 14.4, 
                "temperatura": 23.2, 
                "idEstacao": 6212125, 
                "pressao": 1016.4, 
                "humidade": 69.0, 
                "localEstacao": "Barcelos (CIM)", 
                "precAcumulada": 0.0, 
                "idDireccVento": 6, 
                "radiacao": 2223.0, 
                "time": "2025-08-25T14:00:00", 
                "intensidadeVento": 4.0, 
                "descDirVento": "SW"
            }
        }, 
        {
            "geometry": {
                "type": "Point", 
                "coordinates": [
                    -8.7798, 
                    41.5265
                ]
            }, 
            "type": "Feature", 
            "properties": {
                "intensidadeVentoKM": 12.2, 
                "temperatura": 18.0, 
                "idEstacao": 6212126, 
                "pressao": 1016.8, 
                "humidade": 98.0, 
                "localEstacao": "Esposende (CIM)", 
                "precAcumulada": 0.0, 
                "idDireccVento": 8, 
                "radiacao": 1464.6, 
                "time": "2025-08-25T14:00:00", 
                "intensidadeVento": 3.4, 
                "descDirVento": "NW"
            }
        }, 
        {
            "geometry": {
                "type": "Point", 
                "coordinates": [
                    -8.5219, 
                    41.3882
                ]
            }, 
            "type": "Feature", 
            "properties": {
                "intensidadeVentoKM": 13.7, 
                "temperatura": 24.6, 
                "idEstacao": 6212410, 
                "pressao": -99.0, 
                "humidade": 65.0, 
                "localEstacao": "Vila Nova Famalic\u00e3o (CIM)", 
                "precAcumulada": 0.0, 
                "idDireccVento": 6, 
                "radiacao": -99.0, 
                "time": "2025-08-25T14:00:00", 
                "intensidadeVento": 3.8, 
                "descDirVento": "SW"
            }
        }, 
        {
            "geometry": {
                "type": "Point", 
                "coordinates": [
                    -7.9263, 
                    40.4672
                ]
            }, 
            "type": "Feature", 
            "properties": {
                "intensidadeVentoKM": 10.4, 
                "temperatura": 30.3, 
                "idEstacao": 6213012, 
                "pressao": -99.0, 
                "humidade": 40.0, 
                "localEstacao": "Carregal do Sal(CIM)", 
                "precAcumulada": 0.0, 
                "idDireccVento": 7, 
                "radiacao": -99.0, 
                "time": "2025-08-25T14:00:00", 
                "intensidadeVento": 2.9, 
                "descDirVento": "W"
            }
        }, 
        {
            "geometry": {
                "type": "Point", 
                "coordinates": [
                    -7.8832, 
                    40.9809
                ]
            }, 
            "type": "Feature", 
            "properties": {
                "intensidadeVentoKM": 13.0, 
                "temperatura": 28.7, 
                "idEstacao": 6213013, 
                "pressao": -99.0, 
                "humidade": 28.0, 
                "localEstacao": "Castro Daire / M\u00e9zio (CIM)", 
                "precAcumulada": -99.0, 
                "idDireccVento": 6, 
                "radiacao": -99.0, 
                "time": "2025-08-25T14:00:00", 
                "intensidadeVento": 3.6, 
                "descDirVento": "SW"
            }
        }, 
        {
            "geometry": {
                "type": "Point", 
                "coordinates": [
                    -7.6084, 
                    40.611
                ]
            }, 
            "type": "Feature", 
            "properties": {
                "intensidadeVentoKM": 10.1, 
                "temperatura": 32.6, 
                "idEstacao": 6213014, 
                "pressao": -99.0, 
                "humidade": 26.0, 
                "localEstacao": "Mangualde / Ch\u00e3s de Tavares  (CIM)", 
                "precAcumulada": 0.0, 
                "idDireccVento": 7, 
                "radiacao": -99.0, 
                "time": "2025-08-25T14:00:00", 
                "intensidadeVento": 2.8, 
                "descDirVento": "W"
            }
        }, 
        {
            "geometry": {
                "type": "Point", 
                "coordinates": [
                    -8.2013, 
                    40.7169
                ]
            }, 
            "type": "Feature", 
            "properties": {
                "intensidadeVentoKM": 13.0, 
                "temperatura": 27.2, 
                "idEstacao": 6213016, 
                "pressao": -99.0, 
                "humidade": 46.0, 
                "localEstacao": "Oliveira de Frades (CIM)", 
                "precAcumulada": -99.0, 
                "idDireccVento": 7, 
                "radiacao": -99.0, 
                "time": "2025-08-25T14:00:00", 
                "intensidadeVento": 3.6, 
                "descDirVento": "W"
            }
        }, 
        {
            "geometry": {
                "type": "Point", 
                "coordinates": [
                    -7.6966, 
                    40.6571
                ]
            }, 
            "type": "Feature", 
            "properties": {
                "intensidadeVentoKM": 9.7, 
                "temperatura": 31.6, 
                "idEstacao": 6213017, 
                "pressao": -99.0, 
                "humidade": 31.0, 
                "localEstacao": "Penalva do Castelo (CIM)", 
                "precAcumulada": 0.0, 
                "idDireccVento": 6, 
                "radiacao": -99.0, 
                "time": "2025-08-25T14:00:00", 
                "intensidadeVento": 2.7, 
                "descDirVento": "SW"
            }
        }, 
        {
            "geometry": {
                "type": "Point", 
                "coordinates": [
                    -7.7202, 
                    40.7607
                ]
            }, 
            "type": "Feature", 
            "properties": {
                "intensidadeVentoKM": 8.3, 
                "temperatura": 31.0, 
                "idEstacao": 6213020, 
                "pressao": -99.0, 
                "humidade": 23.0, 
                "localEstacao": "Sat\u00e3o (CIM)", 
                "precAcumulada": 0.0, 
                "idDireccVento": 6, 
                "radiacao": -99.0, 
                "time": "2025-08-25T14:00:00", 
                "intensidadeVento": 2.3, 
                "descDirVento": "SW"
            }
        }, 
        {
            "geometry": {
                "type": "Point", 
                "coordinates": [
                    -7.7272, 
                    40.8559
                ]
            }, 
            "type": "Feature", 
            "properties": {
                "intensidadeVentoKM": 7.6, 
                "temperatura": 31.0, 
                "idEstacao": 6213022, 
                "pressao": -99.0, 
                "humidade": 69.0, 
                "localEstacao": "Vila Nova de Paiva (CIM)", 
                "precAcumulada": 0.0, 
                "idDireccVento": 5, 
                "radiacao": -99.0, 
                "time": "2025-08-25T14:00:00", 
                "intensidadeVento": 2.1, 
                "descDirVento": "S"
            }
        }, 
        {
            "geometry": {
                "type": "Point", 
                "coordinates": [
                    -7.9744, 
                    40.2746
                ]
            }, 
            "type": "Feature", 
            "properties": {
                "intensidadeVentoKM": 9.7, 
                "temperatura": 30.4, 
                "idEstacao": 6213611, 
                "pressao": -99.0, 
                "humidade": 40.0, 
                "localEstacao": "Arganil / Aer\u00f3dromo (CIM)", 
                "precAcumulada": -99.0, 
                "idDireccVento": 7, 
                "radiacao": -99.0, 
                "time": "2025-08-25T14:00:00", 
                "intensidadeVento": 2.7, 
                "descDirVento": "W"
            }
        }, 
        {
            "geometry": {
                "type": "Point", 
                "coordinates": [
                    -8.5776, 
                    40.3419
                ]
            }, 
            "type": "Feature", 
            "properties": {
                "intensidadeVentoKM": 8.3, 
                "temperatura": 25.4, 
                "idEstacao": 6213612, 
                "pressao": -99.0, 
                "humidade": 59.0, 
                "localEstacao": "Cantanhede / Fonte Dom Pedro (CIM)", 
                "precAcumulada": 0.0, 
                "idDireccVento": 8, 
                "radiacao": -99.0, 
                "time": "2025-08-25T14:00:00", 
                "intensidadeVento": 2.3, 
                "descDirVento": "NW"
            }
        }, 
        {
            "geometry": {
                "type": "Point", 
                "coordinates": [
                    -8.3749, 
                    40.3308
                ]
            }, 
            "type": "Feature", 
            "properties": {
                "intensidadeVentoKM": 10.1, 
                "temperatura": 27.6, 
                "idEstacao": 6213613, 
                "pressao": -99.0, 
                "humidade": 48.0, 
                "localEstacao": "Coimbra / Mata de S\u00e3o Pedro (CIM)", 
                "precAcumulada": -99.0, 
                "idDireccVento": 8, 
                "radiacao": -99.0, 
                "time": "2025-08-25T14:00:00", 
                "intensidadeVento": 2.8, 
                "descDirVento": "NW"
            }
        }, 
        {
            "geometry": {
                "type": "Point", 
                "coordinates": [
                    -8.1032, 
                    40.1716
                ]
            }, 
            "type": "Feature", 
            "properties": {
                "intensidadeVentoKM": 9.0, 
                "temperatura": -99.0, 
                "idEstacao": 6213614, 
                "pressao": -99.0, 
                "humidade": -99.0, 
                "localEstacao": "G\u00f3is / Quinta da Ribeira (CIM)", 
                "precAcumulada": -99.0, 
                "idDireccVento": 5, 
                "radiacao": -99.0, 
                "time": "2025-08-25T14:00:00", 
                "intensidadeVento": 2.5, 
                "descDirVento": "S"
            }
        }, 
        {
            "geometry": {
                "type": "Point", 
                "coordinates": [
                    -8.4388, 
                    40.3733
                ]
            }, 
            "type": "Feature", 
            "properties": {
                "intensidadeVentoKM": 8.3, 
                "temperatura": 28.1, 
                "idEstacao": 6213615, 
                "pressao": -99.0, 
                "humidade": 50.0, 
                "localEstacao": "Mealhada / Quinta do Vale (CIM)", 
                "precAcumulada": 0.0, 
                "idDireccVento": 8, 
                "radiacao": -99.0, 
                "time": "2025-08-25T14:00:00", 
                "intensidadeVento": 2.3, 
                "descDirVento": "NW"
            }
        }, 
        {
            "geometry": {
                "type": "Point", 
                "coordinates": [
                    -8.2321, 
                    40.4262
                ]
            }, 
            "type": "Feature", 
            "properties": {
                "intensidadeVentoKM": 15.1, 
                "temperatura": 29.0, 
                "idEstacao": 6213616, 
                "pressao": -99.0, 
                "humidade": 42.0, 
                "localEstacao": "Mort\u00e1gua / Aer\u00f3dromo (CIM)", 
                "precAcumulada": 0.0, 
                "idDireccVento": 7, 
                "radiacao": -99.0, 
                "time": "2025-08-25T14:00:00", 
                "intensidadeVento": 4.2, 
                "descDirVento": "W"
            }
        }, 
        {
            "geometry": {
                "type": "Point", 
                "coordinates": [
                    -8.1987, 
                    40.2809
                ]
            }, 
            "type": "Feature", 
            "properties": {
                "intensidadeVentoKM": 10.8, 
                "temperatura": -99.0, 
                "idEstacao": 6213617, 
                "pressao": -99.0, 
                "humidade": 39.0, 
                "localEstacao": "Penacova / Hombres (CIM)", 
                "precAcumulada": 0.0, 
                "idDireccVento": 8, 
                "radiacao": -99.0, 
                "time": "2025-08-25T14:00:00", 
                "intensidadeVento": 3.0, 
                "descDirVento": "NW"
            }
        }, 
        {
            "geometry": {
                "type": "Point", 
                "coordinates": [
                    -8.242, 
                    40.2114
                ]
            }, 
            "type": "Feature", 
            "properties": {
                "intensidadeVentoKM": 7.9, 
                "temperatura": 30.0, 
                "idEstacao": 6213619, 
                "pressao": -99.0, 
                "humidade": 38.0, 
                "localEstacao": "Vila Nova de Poiares (CIM)", 
                "precAcumulada": 0.0, 
                "idDireccVento": 6, 
                "radiacao": -99.0, 
                "time": "2025-08-25T14:00:00", 
                "intensidadeVento": 2.2, 
                "descDirVento": "SW"
            }
        }, 
        {
            "geometry": {
                "type": "Point", 
                "coordinates": [
                    -7.868, 
                    40.4133
                ]
            }, 
            "type": "Feature", 
            "properties": {
                "intensidadeVentoKM": 13.0, 
                "temperatura": 29.0, 
                "idEstacao": 6213620, 
                "pressao": -99.0, 
                "humidade": 36.0, 
                "localEstacao": "Oliveira do Hospital (CIM)", 
                "precAcumulada": 0.0, 
                "idDireccVento": 7, 
                "radiacao": -99.0, 
                "time": "2025-08-25T14:00:00", 
                "intensidadeVento": 3.6, 
                "descDirVento": "W"
            }
        }, 
        {
            "geometry": {
                "type": "Point", 
                "coordinates": [
                    -8.5049, 
                    40.0293
                ]
            }, 
            "type": "Feature", 
            "properties": {
                "intensidadeVentoKM": 22.0, 
                "temperatura": -99.0, 
                "idEstacao": 6213621, 
                "pressao": -99.0, 
                "humidade": -99.0, 
                "localEstacao": "Soure (CIM)", 
                "precAcumulada": 0.0, 
                "idDireccVento": 8, 
                "radiacao": -99.0, 
                "time": "2025-08-25T14:00:00", 
                "intensidadeVento": 6.1, 
                "descDirVento": "NW"
            }
        }, 
        {
            "geometry": {
                "type": "Point", 
                "coordinates": [
                    -8.1509, 
                    39.9266
                ]
            }, 
            "type": "Feature", 
            "properties": {
                "intensidadeVentoKM": 13.7, 
                "temperatura": 30.9, 
                "idEstacao": 6214119, 
                "pressao": 1012.6, 
                "humidade": 30.0, 
                "localEstacao": " Pedr\u00f3g\u00e3o Grande (CMPG)", 
                "precAcumulada": 0.0, 
                "idDireccVento": 7, 
                "radiacao": -99.0, 
                "time": "2025-08-25T14:00:00", 
                "intensidadeVento": 3.8, 
                "descDirVento": "W"
            }
        }, 
        {
            "geometry": {
                "type": "Point", 
                "coordinates": [
                    -9.1855, 
                    38.7751
                ]
            }, 
            "type": "Feature", 
            "properties": {
                "intensidadeVentoKM": 11.9, 
                "temperatura": 28.4, 
                "idEstacao": 6215302, 
                "pressao": 1013.7, 
                "humidade": 49.0, 
                "localEstacao": "Lisboa, Carnide (CML)", 
                "precAcumulada": -99.0, 
                "idDireccVento": 8, 
                "radiacao": -99.0, 
                "time": "2025-08-25T14:00:00", 
                "intensidadeVento": 3.3, 
                "descDirVento": "NW"
            }
        }, 
        {
            "geometry": {
                "type": "Point", 
                "coordinates": [
                    -9.2939, 
                    38.724
                ]
            }, 
            "type": "Feature", 
            "properties": {
                "intensidadeVentoKM": 31.7, 
                "temperatura": 24.2, 
                "idEstacao": 6215360, 
                "pressao": 1013.5, 
                "humidade": 61.0, 
                "localEstacao": "Oeiras / Vila Fria", 
                "precAcumulada": 0.0, 
                "idDireccVento": 8, 
                "radiacao": 3139.5, 
                "time": "2025-08-25T14:00:00", 
                "intensidadeVento": 8.8, 
                "descDirVento": "NW"
            }
        }, 
        {
            "geometry": {
                "type": "Point", 
                "coordinates": [
                    -9.1649, 
                    38.7239
                ]
            }, 
            "type": "Feature", 
            "properties": {
                "intensidadeVentoKM": 6.5, 
                "temperatura": 31.7, 
                "idEstacao": 7240919, 
                "pressao": -99.0, 
                "humidade": 46.0, 
                "localEstacao": "Lisboa, Amoreiras (Lic. Franc\u00eas)", 
                "precAcumulada": 0.0, 
                "idDireccVento": 9, 
                "radiacao": -99.0, 
                "time": "2025-08-25T14:00:00", 
                "intensidadeVento": 1.8, 
                "descDirVento": "N"
            }
        }, 
        {
            "geometry": {
                "type": "Point", 
                "coordinates": [
                    -25.0917, 
                    36.9542
                ]
            }, 
            "type": "Feature", 
            "properties": {
                "intensidadeVentoKM": 17.3, 
                "temperatura": 22.4, 
                "idEstacao": 11217160, 
                "pressao": -99.0, 
                "humidade": 86.0, 
                "localEstacao": "Santa Maria / Praia Formosa (DRAAC)", 
                "precAcumulada": 0.0, 
                "idDireccVento": 4, 
                "radiacao": 2254.5, 
                "time": "2025-08-25T14:00:00", 
                "intensidadeVento": 4.8, 
                "descDirVento": "SE"
            }
        }, 
        {
            "geometry": {
                "type": "Point", 
                "coordinates": [
                    -25.0176, 
                    36.9412
                ]
            }, 
            "type": "Feature", 
            "properties": {
                "intensidadeVentoKM": 15.5, 
                "temperatura": 21.1, 
                "idEstacao": 11217165, 
                "pressao": -99.0, 
                "humidade": 97.0, 
                "localEstacao": "Santa Maria / Maia (DRAAC)", 
                "precAcumulada": 0.3, 
                "idDireccVento": 2, 
                "radiacao": 1870.6, 
                "time": "2025-08-25T14:00:00", 
                "intensidadeVento": 4.3, 
                "descDirVento": "NE"
            }
        }, 
        {
            "geometry": {
                "type": "Point", 
                "coordinates": [
                    -25.5618, 
                    37.8049
                ]
            }, 
            "type": "Feature", 
            "properties": {
                "intensidadeVentoKM": 13.7, 
                "temperatura": 25.7, 
                "idEstacao": 11217217, 
                "pressao": -99.0, 
                "humidade": 63.0, 
                "localEstacao": "S\u00e3o Miguel / Santana (DRAAC)", 
                "precAcumulada": 0.0, 
                "idDireccVento": 6, 
                "radiacao": 3597.0, 
                "time": "2025-08-25T14:00:00", 
                "intensidadeVento": 3.8, 
                "descDirVento": "SW"
            }
        }, 
        {
            "geometry": {
                "type": "Point", 
                "coordinates": [
                    -25.772, 
                    37.8679
                ]
            }, 
            "type": "Feature", 
            "properties": {
                "intensidadeVentoKM": 16.6, 
                "temperatura": 22.7, 
                "idEstacao": 11217225, 
                "pressao": -99.0, 
                "humidade": 70.0, 
                "localEstacao": "S\u00e3o Miguel / Sete Cidades (DRAAC)", 
                "precAcumulada": 0.0, 
                "idDireccVento": 7, 
                "radiacao": 3417.6, 
                "time": "2025-08-25T14:00:00", 
                "intensidadeVento": 4.6, 
                "descDirVento": "W"
            }
        }, 
        {
            "geometry": {
                "type": "Point", 
                "coordinates": [
                    -25.3291, 
                    37.7619
                ]
            }, 
            "type": "Feature", 
            "properties": {
                "intensidadeVentoKM": 18.0, 
                "temperatura": 22.4, 
                "idEstacao": 11217255, 
                "pressao": -99.0, 
                "humidade": 70.0, 
                "localEstacao": "S\u00e3o Miguel / Lagoa das Furnas (DRAAC)", 
                "precAcumulada": 0.0, 
                "idDireccVento": 3, 
                "radiacao": 3600.0, 
                "time": "2025-08-25T14:00:00", 
                "intensidadeVento": 5.0, 
                "descDirVento": "E"
            }
        }, 
        {
            "geometry": {
                "type": "Point", 
                "coordinates": [
                    -27.3245, 
                    38.754
                ]
            }, 
            "type": "Feature", 
            "properties": {
                "intensidadeVentoKM": 2.9, 
                "temperatura": 17.5, 
                "idEstacao": 11217370, 
                "pressao": -99.0, 
                "humidade": 99.0, 
                "localEstacao": "Terceira / Ribeira das Nove (DRAAC)", 
                "precAcumulada": 0.0, 
                "idDireccVento": 5, 
                "radiacao": 753.9, 
                "time": "2025-08-25T14:00:00", 
                "intensidadeVento": 0.8, 
                "descDirVento": "S"
            }
        }, 
        {
            "geometry": {
                "type": "Point", 
                "coordinates": [
                    -27.1031, 
                    38.7002
                ]
            }, 
            "type": "Feature", 
            "properties": {
                "intensidadeVentoKM": 10.8, 
                "temperatura": 20.5, 
                "idEstacao": 11217372, 
                "pressao": -99.0, 
                "humidade": 88.0, 
                "localEstacao": "Terceira / Serra do Cume (DRAAC)", 
                "precAcumulada": 0.0, 
                "idDireccVento": 2, 
                "radiacao": 1184.8, 
                "time": "2025-08-25T14:00:00", 
                "intensidadeVento": 3.0, 
                "descDirVento": "NE"
            }
        }, 
        {
            "geometry": {
                "type": "Point", 
                "coordinates": [
                    -28.0038, 
                    39.0672
                ]
            }, 
            "type": "Feature", 
            "properties": {
                "intensidadeVentoKM": 12.2, 
                "temperatura": 23.6, 
                "idEstacao": 11217430, 
                "pressao": -99.0, 
                "humidade": 75.0, 
                "localEstacao": "Graciosa / Serra das Fontes (DRAAC)", 
                "precAcumulada": 0.0, 
                "idDireccVento": 3, 
                "radiacao": 788.8, 
                "time": "2025-08-25T14:00:00", 
                "intensidadeVento": 3.4, 
                "descDirVento": "E"
            }
        }, 
        {
            "geometry": {
                "type": "Point", 
                "coordinates": [
                    -28.1141, 
                    38.4338
                ]
            }, 
            "type": "Feature", 
            "properties": {
                "intensidadeVentoKM": 6.5, 
                "temperatura": 20.0, 
                "idEstacao": 11217645, 
                "pressao": -99.0, 
                "humidade": 84.0, 
                "localEstacao": "Pico / Cabecinho (DRAAC)", 
                "precAcumulada": 0.0, 
                "idDireccVento": 4, 
                "radiacao": 1452.1, 
                "time": "2025-08-25T14:00:00", 
                "intensidadeVento": 1.8, 
                "descDirVento": "SE"
            }
        }, 
        {
            "geometry": {
                "type": "Point", 
                "coordinates": [
                    -31.1301, 
                    39.4582
                ]
            }, 
            "type": "Feature", 
            "properties": {
                "intensidadeVentoKM": 21.6, 
                "temperatura": 23.3, 
                "idEstacao": 1200501, 
                "pressao": 1026.3, 
                "humidade": 57.0, 
                "localEstacao": "Flores (Aeroporto)", 
                "precAcumulada": 0.0, 
                "idDireccVento": 9, 
                "radiacao": 1052.6, 
                "time": "2025-08-25T15:00:00", 
                "intensidadeVento": 6.0, 
                "descDirVento": "N"
            }
        }, 
        {
            "geometry": {
                "type": "Point", 
                "coordinates": [
                    -31.1136, 
                    39.6739
                ]
            }, 
            "type": "Feature", 
            "properties": {
                "intensidadeVentoKM": 16.6, 
                "temperatura": 23.4, 
                "idEstacao": 1200502, 
                "pressao": 1026.0, 
                "humidade": 52.0, 
                "localEstacao": "Corvo (Aer\u00f3dromo)", 
                "precAcumulada": 0.0, 
                "idDireccVento": 8, 
                "radiacao": 3366.9, 
                "time": "2025-08-25T15:00:00", 
                "intensidadeVento": 4.6, 
                "descDirVento": "NW"
            }
        }, 
        {
            "geometry": {
                "type": "Point", 
                "coordinates": [
                    -28.4414, 
                    38.5522
                ]
            }, 
            "type": "Feature", 
            "properties": {
                "intensidadeVentoKM": 11.5, 
                "temperatura": 24.9, 
                "idEstacao": 1200504, 
                "pressao": 1025.0, 
                "humidade": 59.0, 
                "localEstacao": "Pico (Aer\u00f3dromo)", 
                "precAcumulada": 0.0, 
                "idDireccVento": 1, 
                "radiacao": 2055.2, 
                "time": "2025-08-25T15:00:00", 
                "intensidadeVento": 3.2, 
                "descDirVento": "N"
            }
        }, 
        {
            "geometry": {
                "type": "Point", 
                "coordinates": [
                    -28.7128, 
                    38.5211
                ]
            }, 
            "type": "Feature", 
            "properties": {
                "intensidadeVentoKM": 13.3, 
                "temperatura": 25.1, 
                "idEstacao": 1200505, 
                "pressao": 1024.7, 
                "humidade": 53.0, 
                "localEstacao": "Horta / Aeroporto", 
                "precAcumulada": 0.0, 
                "idDireccVento": 2, 
                "radiacao": -99.0, 
                "time": "2025-08-25T15:00:00", 
                "intensidadeVento": 3.7, 
                "descDirVento": "NE"
            }
        }, 
        {
            "geometry": {
                "type": "Point", 
                "coordinates": [
                    -28.6322, 
                    38.5408
                ]
            }, 
            "type": "Feature", 
            "properties": {
                "intensidadeVentoKM": 22.7, 
                "temperatura": 25.9, 
                "idEstacao": 1200506, 
                "pressao": 1025.1, 
                "humidade": 54.0, 
                "localEstacao": "Horta (Obs. Pr\u00edncipe Alberto M\u00f3naco)", 
                "precAcumulada": 0.0, 
                "idDireccVento": 1, 
                "radiacao": 2583.9, 
                "time": "2025-08-25T15:00:00", 
                "intensidadeVento": 6.3, 
                "descDirVento": "N"
            }
        }, 
        {
            "geometry": {
                "type": "Point", 
                "coordinates": [
                    -28.0285, 
                    39.0904
                ]
            }, 
            "type": "Feature", 
            "properties": {
                "intensidadeVentoKM": 15.8, 
                "temperatura": 25.2, 
                "idEstacao": 1200507, 
                "pressao": 1024.9, 
                "humidade": 53.0, 
                "localEstacao": "Graciosa (Aer\u00f3dromo)", 
                "precAcumulada": 0.0, 
                "idDireccVento": 9, 
                "radiacao": 3219.6, 
                "time": "2025-08-25T15:00:00", 
                "intensidadeVento": 4.4, 
                "descDirVento": "N"
            }
        }, 
        {
            "geometry": {
                "type": "Point", 
                "coordinates": [
                    -28.17, 
                    38.66
                ]
            }, 
            "type": "Feature", 
            "properties": {
                "intensidadeVentoKM": 13.7, 
                "temperatura": 23.8, 
                "idEstacao": 1200510, 
                "pressao": 1024.6, 
                "humidade": 59.0, 
                "localEstacao": "S\u00e3o Jorge", 
                "precAcumulada": 0.0, 
                "idDireccVento": 8, 
                "radiacao": 2954.4, 
                "time": "2025-08-25T15:00:00", 
                "intensidadeVento": 3.8, 
                "descDirVento": "NW"
            }
        }, 
        {
            "geometry": {
                "type": "Point", 
                "coordinates": [
                    -27.2166, 
                    38.6659
                ]
            }, 
            "type": "Feature", 
            "properties": {
                "intensidadeVentoKM": 17.3, 
                "temperatura": 25.3, 
                "idEstacao": 1200511, 
                "pressao": 1024.3, 
                "humidade": 54.0, 
                "localEstacao": "Angra do Hero\u00edsmo", 
                "precAcumulada": 0.0, 
                "idDireccVento": 9, 
                "radiacao": 3439.1, 
                "time": "2025-08-25T15:00:00", 
                "intensidadeVento": 4.8, 
                "descDirVento": "N"
            }
        }, 
        {
            "geometry": {
                "type": "Point", 
                "coordinates": [
                    -25.6953, 
                    37.7441
                ]
            }, 
            "type": "Feature", 
            "properties": {
                "intensidadeVentoKM": 23.0, 
                "temperatura": 25.5, 
                "idEstacao": 1200512, 
                "pressao": 1023.1, 
                "humidade": 57.0, 
                "localEstacao": "Ponta Delgada (Aeroporto)", 
                "precAcumulada": 0.0, 
                "idDireccVento": 2, 
                "radiacao": -99.0, 
                "time": "2025-08-25T15:00:00", 
                "intensidadeVento": 6.4, 
                "descDirVento": "NE"
            }
        }, 
        {
            "geometry": {
                "type": "Point", 
                "coordinates": [
                    -25.1679, 
                    36.9672
                ]
            }, 
            "type": "Feature", 
            "properties": {
                "intensidadeVentoKM": 32.8, 
                "temperatura": 25.5, 
                "idEstacao": 1200515, 
                "pressao": 1022.7, 
                "humidade": 60.0, 
                "localEstacao": "Santa Maria (Aeroporto)", 
                "precAcumulada": 0.0, 
                "idDireccVento": 2, 
                "radiacao": 1978.1, 
                "time": "2025-08-25T15:00:00", 
                "intensidadeVento": 9.1, 
                "descDirVento": "NE"
            }
        }, 
        {
            "geometry": {
                "type": "Point", 
                "coordinates": [
                    -16.7761, 
                    32.6969
                ]
            }, 
            "type": "Feature", 
            "properties": {
                "intensidadeVentoKM": 21.6, 
                "temperatura": 27.5, 
                "idEstacao": 1200521, 
                "pressao": 1018.7, 
                "humidade": 65.0, 
                "localEstacao": "Santa Catarina (Aeroporto)", 
                "precAcumulada": 0.0, 
                "idDireccVento": 0, 
                "radiacao": 3210.4, 
                "time": "2025-08-25T15:00:00", 
                "intensidadeVento": 6.0, 
                "descDirVento": "---"
            }
        }, 
        {
            "geometry": {
                "type": "Point", 
                "coordinates": [
                    -16.888, 
                    32.6479
                ]
            }, 
            "type": "Feature", 
            "properties": {
                "intensidadeVentoKM": 7.9, 
                "temperatura": 28.2, 
                "idEstacao": 1200522, 
                "pressao": 1018.9, 
                "humidade": 64.0, 
                "localEstacao": "Funchal", 
                "precAcumulada": 0.0, 
                "idDireccVento": 6, 
                "radiacao": 3334.8, 
                "time": "2025-08-25T15:00:00", 
                "intensidadeVento": 2.2, 
                "descDirVento": "SW"
            }
        }, 
        {
            "geometry": {
                "type": "Point", 
                "coordinates": [
                    -16.3487, 
                    33.074
                ]
            }, 
            "type": "Feature", 
            "properties": {
                "intensidadeVentoKM": 22.3, 
                "temperatura": 25.9, 
                "idEstacao": 1200524, 
                "pressao": 1019.0, 
                "humidade": 74.0, 
                "localEstacao": "Porto Santo (Aeroporto)", 
                "precAcumulada": 0.0, 
                "idDireccVento": 9, 
                "radiacao": 3464.2, 
                "time": "2025-08-25T15:00:00", 
                "intensidadeVento": 6.2, 
                "descDirVento": "N"
            }
        }, 
        {
            "geometry": {
                "type": "Point", 
                "coordinates": [
                    -9.4074, 
                    39.38
                ]
            }, 
            "type": "Feature", 
            "properties": {
                "intensidadeVentoKM": 22.3, 
                "temperatura": 20.4, 
                "idEstacao": 1200531, 
                "pressao": 1015.7, 
                "humidade": 88.0, 
                "localEstacao": "Cabo Carvoeiro", 
                "precAcumulada": -99.0, 
                "idDireccVento": 9, 
                "radiacao": -99.0, 
                "time": "2025-08-25T15:00:00", 
                "intensidadeVento": 6.2, 
                "descDirVento": "N"
            }
        }, 
        {
            "geometry": {
                "type": "Point", 
                "coordinates": [
                    -8.9491, 
                    37.0128
                ]
            }, 
            "type": "Feature", 
            "properties": {
                "intensidadeVentoKM": 36.0, 
                "temperatura": 22.6, 
                "idEstacao": 1200533, 
                "pressao": 1014.6, 
                "humidade": 64.0, 
                "localEstacao": "Sagres", 
                "precAcumulada": 0.0, 
                "idDireccVento": 8, 
                "radiacao": -99.0, 
                "time": "2025-08-25T15:00:00", 
                "intensidadeVento": 10.0, 
                "descDirVento": "NW"
            }
        }, 
        {
            "geometry": {
                "type": "Point", 
                "coordinates": [
                    -9.1497, 
                    38.7191
                ]
            }, 
            "type": "Feature", 
            "properties": {
                "intensidadeVentoKM": 15.1, 
                "temperatura": 29.1, 
                "idEstacao": 1200535, 
                "pressao": 1014.0, 
                "humidade": 47.0, 
                "localEstacao": "Lisboa (Geof\u00edsico)", 
                "precAcumulada": 0.0, 
                "idDireccVento": 8, 
                "radiacao": 2775.1, 
                "time": "2025-08-25T15:00:00", 
                "intensidadeVento": 4.2, 
                "descDirVento": "NW"
            }
        }, 
        {
            "geometry": {
                "type": "Point", 
                "coordinates": [
                    -8.8383, 
                    37.9545
                ]
            }, 
            "type": "Feature", 
            "properties": {
                "intensidadeVentoKM": 22.7, 
                "temperatura": 23.2, 
                "idEstacao": 1200541, 
                "pressao": 1014.8, 
                "humidade": 71.0, 
                "localEstacao": "Sines", 
                "precAcumulada": 0.0, 
                "idDireccVento": 8, 
                "radiacao": 2887.4, 
                "time": "2025-08-25T15:00:00", 
                "intensidadeVento": 6.3, 
                "descDirVento": "NW"
            }
        }, 
        {
            "geometry": {
                "type": "Point", 
                "coordinates": [
                    -8.6813, 
                    41.2335
                ]
            }, 
            "type": "Feature", 
            "properties": {
                "intensidadeVentoKM": 15.1, 
                "temperatura": 19.9, 
                "idEstacao": 1200545, 
                "pressao": 1015.8, 
                "humidade": 82.0, 
                "localEstacao": "Pedras Rubras", 
                "precAcumulada": -99.0, 
                "idDireccVento": 8, 
                "radiacao": 1712.3, 
                "time": "2025-08-25T15:00:00", 
                "intensidadeVento": 4.2, 
                "descDirVento": "NW"
            }
        }, 
        {
            "geometry": {
                "type": "Point", 
                "coordinates": [
                    -8.4667, 
                    40.1501
                ]
            }, 
            "type": "Feature", 
            "properties": {
                "intensidadeVentoKM": 16.9, 
                "temperatura": 27.0, 
                "idEstacao": 1200548, 
                "pressao": 1014.1, 
                "humidade": 55.0, 
                "localEstacao": "Coimbra (Aer\u00f3dromo)", 
                "precAcumulada": 0.0, 
                "idDireccVento": 7, 
                "radiacao": 2806.6, 
                "time": "2025-08-25T15:00:00", 
                "intensidadeVento": 4.7, 
                "descDirVento": "W"
            }
        }, 
        {
            "geometry": {
                "type": "Point", 
                "coordinates": [
                    -8.8046, 
                    41.6489
                ]
            }, 
            "type": "Feature", 
            "properties": {
                "intensidadeVentoKM": 10.4, 
                "temperatura": 19.7, 
                "idEstacao": 1200551, 
                "pressao": 1015.7, 
                "humidade": 92.0, 
                "localEstacao": "Viana Castelo, Chaf\u00e9", 
                "precAcumulada": 0.0, 
                "idDireccVento": 7, 
                "radiacao": 1815.5, 
                "time": "2025-08-25T15:00:00", 
                "intensidadeVento": 2.9, 
                "descDirVento": "W"
            }
        }, 
        {
            "geometry": {
                "type": "Point", 
                "coordinates": [
                    -7.972, 
                    37.0166
                ]
            }, 
            "type": "Feature", 
            "properties": {
                "intensidadeVentoKM": 12.2, 
                "temperatura": 25.0, 
                "idEstacao": 1200554, 
                "pressao": 1013.9, 
                "humidade": 65.0, 
                "localEstacao": "Faro (Aeroporto)", 
                "precAcumulada": 0.0, 
                "idDireccVento": 6, 
                "radiacao": 2756.9, 
                "time": "2025-08-25T15:00:00", 
                "intensidadeVento": 3.4, 
                "descDirVento": "SW"
            }
        }, 
        {
            "geometry": {
                "type": "Point", 
                "coordinates": [
                    -7.8834, 
                    38.5334
                ]
            }, 
            "type": "Feature", 
            "properties": {
                "intensidadeVentoKM": 9.7, 
                "temperatura": 33.5, 
                "idEstacao": 1200558, 
                "pressao": 1012.0, 
                "humidade": 24.0, 
                "localEstacao": "\u00c9vora (C.Coordena\u00e7\u00e3o)", 
                "precAcumulada": 0.0, 
                "idDireccVento": 8, 
                "radiacao": 2891.2, 
                "time": "2025-08-25T15:00:00", 
                "intensidadeVento": 2.7, 
                "descDirVento": "NW"
            }
        }, 
        {
            "geometry": {
                "type": "Point", 
                "coordinates": [
                    -7.8875, 
                    40.7264
                ]
            }, 
            "type": "Feature", 
            "properties": {
                "intensidadeVentoKM": 14.8, 
                "temperatura": 30.0, 
                "idEstacao": 1200559, 
                "pressao": 1011.9, 
                "humidade": 29.0, 
                "localEstacao": "Viseu (Aer\u00f3dromo)", 
                "precAcumulada": 0.0, 
                "idDireccVento": 8, 
                "radiacao": -99.0, 
                "time": "2025-08-25T15:00:00", 
                "intensidadeVento": 4.1, 
                "descDirVento": "NW"
            }
        }, 
        {
            "geometry": {
                "type": "Point", 
                "coordinates": [
                    -7.8959, 
                    40.7149
                ]
            }, 
            "type": "Feature", 
            "properties": {
                "intensidadeVentoKM": 16.6, 
                "temperatura": 30.3, 
                "idEstacao": 1200560, 
                "pressao": 1012.1, 
                "humidade": 30.0, 
                "localEstacao": "Viseu (C.Coordena\u00e7\u00e3o)", 
                "precAcumulada": 0.0, 
                "idDireccVento": 7, 
                "radiacao": -99.0, 
                "time": "2025-08-25T15:00:00", 
                "intensidadeVento": 4.6, 
                "descDirVento": "W"
            }
        }, 
        {
            "geometry": {
                "type": "Point", 
                "coordinates": [
                    -7.8673, 
                    38.0249
                ]
            }, 
            "type": "Feature", 
            "properties": {
                "intensidadeVentoKM": 17.3, 
                "temperatura": 32.5, 
                "idEstacao": 1200562, 
                "pressao": 1012.1, 
                "humidade": 29.0, 
                "localEstacao": "Beja", 
                "precAcumulada": 0.0, 
                "idDireccVento": 7, 
                "radiacao": 2887.8, 
                "time": "2025-08-25T15:00:00", 
                "intensidadeVento": 4.8, 
                "descDirVento": "W"
            }
        }, 
        {
            "geometry": {
                "type": "Point", 
                "coordinates": [
                    -7.7171, 
                    41.2742
                ]
            }, 
            "type": "Feature", 
            "properties": {
                "intensidadeVentoKM": 7.9, 
                "temperatura": 32.6, 
                "idEstacao": 1200567, 
                "pressao": 1010.8, 
                "humidade": 22.0, 
                "localEstacao": "Vila Real", 
                "precAcumulada": 0.0, 
                "idDireccVento": 7, 
                "radiacao": 2756.3, 
                "time": "2025-08-25T15:00:00", 
                "intensidadeVento": 2.2, 
                "descDirVento": "W"
            }
        }, 
        {
            "geometry": {
                "type": "Point", 
                "coordinates": [
                    -7.5587, 
                    40.4114
                ]
            }, 
            "type": "Feature", 
            "properties": {
                "intensidadeVentoKM": 5.4, 
                "temperatura": 24.4, 
                "idEstacao": 1200568, 
                "pressao": -99.0, 
                "humidade": 35.0, 
                "localEstacao": "Penhas Douradas", 
                "precAcumulada": 0.0, 
                "idDireccVento": 8, 
                "radiacao": 2844.3, 
                "time": "2025-08-25T15:00:00", 
                "intensidadeVento": 1.5, 
                "descDirVento": "NW"
            }
        }, 
        {
            "geometry": {
                "type": "Point", 
                "coordinates": [
                    -7.4668, 
                    39.8334
                ]
            }, 
            "type": "Feature", 
            "properties": {
                "intensidadeVentoKM": 8.3, 
                "temperatura": 33.2, 
                "idEstacao": 1200570, 
                "pressao": 1010.6, 
                "humidade": 31.0, 
                "localEstacao": "Castelo Branco", 
                "precAcumulada": 0.0, 
                "idDireccVento": 5, 
                "radiacao": 2781.7, 
                "time": "2025-08-25T15:00:00", 
                "intensidadeVento": 2.3, 
                "descDirVento": "S"
            }
        }, 
        {
            "geometry": {
                "type": "Point", 
                "coordinates": [
                    -7.42, 
                    39.2955
                ]
            }, 
            "type": "Feature", 
            "properties": {
                "intensidadeVentoKM": 10.1, 
                "temperatura": 32.0, 
                "idEstacao": 1200571, 
                "pressao": 1011.1, 
                "humidade": 23.0, 
                "localEstacao": "Portalegre", 
                "precAcumulada": 0.0, 
                "idDireccVento": 7, 
                "radiacao": -99.0, 
                "time": "2025-08-25T15:00:00", 
                "intensidadeVento": 2.8, 
                "descDirVento": "W"
            }
        }, 
        {
            "geometry": {
                "type": "Point", 
                "coordinates": [
                    -6.7428, 
                    41.8039
                ]
            }, 
            "type": "Feature", 
            "properties": {
                "intensidadeVentoKM": 12.2, 
                "temperatura": 32.7, 
                "idEstacao": 1200575, 
                "pressao": 1010.6, 
                "humidade": 21.0, 
                "localEstacao": "Bragan\u00e7a", 
                "precAcumulada": 0.0, 
                "idDireccVento": 5, 
                "radiacao": 2616.5, 
                "time": "2025-08-25T15:00:00", 
                "intensidadeVento": 3.4, 
                "descDirVento": "S"
            }
        }, 
        {
            "geometry": {
                "type": "Point", 
                "coordinates": [
                    -6.708, 
                    41.8576
                ]
            }, 
            "type": "Feature", 
            "properties": {
                "intensidadeVentoKM": 15.8, 
                "temperatura": 32.0, 
                "idEstacao": 1200576, 
                "pressao": 1010.2, 
                "humidade": 23.0, 
                "localEstacao": "Bragan\u00e7a (Aer\u00f3dromo)", 
                "precAcumulada": 0.0, 
                "idDireccVento": 6, 
                "radiacao": -99.0, 
                "time": "2025-08-25T15:00:00", 
                "intensidadeVento": 4.4, 
                "descDirVento": "SW"
            }
        }, 
        {
            "geometry": {
                "type": "Point", 
                "coordinates": [
                    -7.8916, 
                    38.5296
                ]
            }, 
            "type": "Feature", 
            "properties": {
                "intensidadeVentoKM": 6.1, 
                "temperatura": 32.4, 
                "idEstacao": 1200843, 
                "pressao": 1012.0, 
                "humidade": 27.0, 
                "localEstacao": "\u00c9vora (Aer\u00f3dromo)", 
                "precAcumulada": 0.0, 
                "idDireccVento": 7, 
                "radiacao": -99.0, 
                "time": "2025-08-25T15:00:00", 
                "intensidadeVento": 1.7, 
                "descDirVento": "W"
            }
        }, 
        {
            "geometry": {
                "type": "Point", 
                "coordinates": [
                    -25.6623, 
                    37.7464
                ]
            }, 
            "type": "Feature", 
            "properties": {
                "intensidadeVentoKM": 12.2, 
                "temperatura": 26.4, 
                "idEstacao": 1210513, 
                "pressao": -99.0, 
                "humidade": 52.0, 
                "localEstacao": "Ponta Delgada (Obs. Afonso Chaves)", 
                "precAcumulada": 0.0, 
                "idDireccVento": 2, 
                "radiacao": 3223.8, 
                "time": "2025-08-25T15:00:00", 
                "intensidadeVento": 3.4, 
                "descDirVento": "NE"
            }
        }, 
        {
            "geometry": {
                "type": "Point", 
                "coordinates": [
                    -31.2207, 
                    39.4633
                ]
            }, 
            "type": "Feature", 
            "properties": {
                "intensidadeVentoKM": 32.8, 
                "temperatura": -99.0, 
                "idEstacao": 1210517, 
                "pressao": 1024.9, 
                "humidade": -99.0, 
                "localEstacao": "Flores / Morro Alto", 
                "precAcumulada": 0.0, 
                "idDireccVento": 9, 
                "radiacao": -99.0, 
                "time": "2025-08-25T15:00:00", 
                "intensidadeVento": 9.1, 
                "descDirVento": "N"
            }
        }, 
        {
            "geometry": {
                "type": "Point", 
                "coordinates": [
                    -25.7512, 
                    37.819
                ]
            }, 
            "type": "Feature", 
            "properties": {
                "intensidadeVentoKM": 28.8, 
                "temperatura": 17.6, 
                "idEstacao": 1210518, 
                "pressao": 1023.3, 
                "humidade": 93.0, 
                "localEstacao": "S\u00e3o Miguel / Pico Santos De Cima", 
                "precAcumulada": 0.0, 
                "idDireccVento": 2, 
                "radiacao": -99.0, 
                "time": "2025-08-25T15:00:00", 
                "intensidadeVento": 8.0, 
                "descDirVento": "NE"
            }
        }, 
        {
            "geometry": {
                "type": "Point", 
                "coordinates": [
                    -15.8692, 
                    30.1406
                ]
            }, 
            "type": "Feature", 
            "properties": {
                "intensidadeVentoKM": -99.0, 
                "temperatura": 26.1, 
                "idEstacao": 1210520, 
                "pressao": 1019.2, 
                "humidade": 74.0, 
                "localEstacao": "Ilhas selvagens", 
                "precAcumulada": 0.0, 
                "idDireccVento": 0, 
                "radiacao": 2942.1, 
                "time": "2025-08-25T15:00:00", 
                "intensidadeVento": -99.0, 
                "descDirVento": "---"
            }
        }, 
        {
            "geometry": {
                "type": "Point", 
                "coordinates": [
                    -8.4, 
                    39.071
                ]
            }, 
            "type": "Feature", 
            "properties": {
                "intensidadeVentoKM": 6.5, 
                "temperatura": 32.7, 
                "idEstacao": 1210550, 
                "pressao": 1013.0, 
                "humidade": 29.0, 
                "localEstacao": "Coruche / Cruz Do Le\u00e3o", 
                "precAcumulada": 0.0, 
                "idDireccVento": 7, 
                "radiacao": -99.0, 
                "time": "2025-08-25T15:00:00", 
                "intensidadeVento": 1.8, 
                "descDirVento": "W"
            }
        }, 
        {
            "geometry": {
                "type": "Point", 
                "coordinates": [
                    -7.9534, 
                    37.3042
                ]
            }, 
            "type": "Feature", 
            "properties": {
                "intensidadeVentoKM": 5.4, 
                "temperatura": 31.0, 
                "idEstacao": 1210553, 
                "pressao": 1011.9, 
                "humidade": 29.0, 
                "localEstacao": "Loul\u00e9 / Cavalos De Caldeir\u00e3o", 
                "precAcumulada": 0.0, 
                "idDireccVento": 1, 
                "radiacao": -99.0, 
                "time": "2025-08-25T15:00:00", 
                "intensidadeVento": 1.5, 
                "descDirVento": "N"
            }
        }, 
        {
            "geometry": {
                "type": "Point", 
                "coordinates": [
                    -8.729, 
                    37.5471
                ]
            }, 
            "type": "Feature", 
            "properties": {
                "intensidadeVentoKM": 18.7, 
                "temperatura": 24.5, 
                "idEstacao": 1210577, 
                "pressao": -99.0, 
                "humidade": 54.0, 
                "localEstacao": "Odemira, S. Teot\u00f3nio", 
                "precAcumulada": 0.0, 
                "idDireccVento": 7, 
                "radiacao": 2717.6, 
                "time": "2025-08-25T15:00:00", 
                "intensidadeVento": 5.2, 
                "descDirVento": "W"
            }
        }, 
        {
            "geometry": {
                "type": "Point", 
                "coordinates": [
                    -9.1254, 
                    38.7618
                ]
            }, 
            "type": "Feature", 
            "properties": {
                "intensidadeVentoKM": 14.8, 
                "temperatura": 28.9, 
                "idEstacao": 1210580, 
                "pressao": 1014.2, 
                "humidade": 41.0, 
                "localEstacao": "Lisboa, Rel\u00f3gio", 
                "precAcumulada": 0.0, 
                "idDireccVento": 8, 
                "radiacao": -99.0, 
                "time": "2025-08-25T15:00:00", 
                "intensidadeVento": 4.1, 
                "descDirVento": "NW"
            }
        }, 
        {
            "geometry": {
                "type": "Point", 
                "coordinates": [
                    -8.6668, 
                    41.9667
                ]
            }, 
            "type": "Feature", 
            "properties": {
                "intensidadeVentoKM": 11.9, 
                "temperatura": 26.5, 
                "idEstacao": 1210604, 
                "pressao": 1014.1, 
                "humidade": 62.0, 
                "localEstacao": "V.N.Cerveira (Aer\u00f3dromo)", 
                "precAcumulada": 0.0, 
                "idDireccVento": 0, 
                "radiacao": 2638.7, 
                "time": "2025-08-25T15:00:00", 
                "intensidadeVento": 3.3, 
                "descDirVento": "---"
            }
        }, 
        {
            "geometry": {
                "type": "Point", 
                "coordinates": [
                    -8.3833, 
                    42.0667
                ]
            }, 
            "type": "Feature", 
            "properties": {
                "intensidadeVentoKM": 18.4, 
                "temperatura": 30.1, 
                "idEstacao": 1210605, 
                "pressao": -99.0, 
                "humidade": 44.0, 
                "localEstacao": "Mon\u00e7\u00e3o, Valinha", 
                "precAcumulada": -99.0, 
                "idDireccVento": 7, 
                "radiacao": 2638.5, 
                "time": "2025-08-25T15:00:00", 
                "intensidadeVento": 5.1, 
                "descDirVento": "W"
            }
        }, 
        {
            "geometry": {
                "type": "Point", 
                "coordinates": [
                    -8.1833, 
                    42.0333
                ]
            }, 
            "type": "Feature", 
            "properties": {
                "intensidadeVentoKM": -99.0, 
                "temperatura": 25.2, 
                "idEstacao": 1210606, 
                "pressao": -99.0, 
                "humidade": 47.0, 
                "localEstacao": "Lamas de Mouro, P.Ribeiro", 
                "precAcumulada": 0.0, 
                "idDireccVento": 0, 
                "radiacao": 2653.6, 
                "time": "2025-08-25T15:00:00", 
                "intensidadeVento": -99.0, 
                "descDirVento": "---"
            }
        }, 
        {
            "geometry": {
                "type": "Point", 
                "coordinates": [
                    -7.788, 
                    41.8228
                ]
            }, 
            "type": "Feature", 
            "properties": {
                "intensidadeVentoKM": 12.6, 
                "temperatura": 28.9, 
                "idEstacao": 1210611, 
                "pressao": -99.0, 
                "humidade": 29.0, 
                "localEstacao": "Montalegre", 
                "precAcumulada": 0.0, 
                "idDireccVento": 7, 
                "radiacao": 2763.7, 
                "time": "2025-08-25T15:00:00", 
                "intensidadeVento": 3.5, 
                "descDirVento": "W"
            }
        }, 
        {
            "geometry": {
                "type": "Point", 
                "coordinates": [
                    -7.0034, 
                    41.8434
                ]
            }, 
            "type": "Feature", 
            "properties": {
                "intensidadeVentoKM": 9.0, 
                "temperatura": 31.4, 
                "idEstacao": 1210612, 
                "pressao": -99.0, 
                "humidade": 27.0, 
                "localEstacao": "Vinhais", 
                "precAcumulada": 0.0, 
                "idDireccVento": 7, 
                "radiacao": -99.0, 
                "time": "2025-08-25T15:00:00", 
                "intensidadeVento": 2.5, 
                "descDirVento": "W"
            }
        }, 
        {
            "geometry": {
                "type": "Point", 
                "coordinates": [
                    -8.5667, 
                    41.7501
                ]
            }, 
            "type": "Feature", 
            "properties": {
                "intensidadeVentoKM": 7.6, 
                "temperatura": 25.7, 
                "idEstacao": 1210615, 
                "pressao": -99.0, 
                "humidade": 63.0, 
                "localEstacao": "Ponte de Lima (Escola agr\u00edcola)", 
                "precAcumulada": 0.0, 
                "idDireccVento": 6, 
                "radiacao": 2597.0, 
                "time": "2025-08-25T15:00:00", 
                "intensidadeVento": 2.1, 
                "descDirVento": "SW"
            }
        }, 
        {
            "geometry": {
                "type": "Point", 
                "coordinates": [
                    -7.4654, 
                    41.7252
                ]
            }, 
            "type": "Feature", 
            "properties": {
                "intensidadeVentoKM": 14.8, 
                "temperatura": 35.0, 
                "idEstacao": 1210616, 
                "pressao": 1010.0, 
                "humidade": 20.0, 
                "localEstacao": "Chaves (Aer\u00f3dromo)", 
                "precAcumulada": 0.0, 
                "idDireccVento": 7, 
                "radiacao": 2100.8, 
                "time": "2025-08-25T15:00:00", 
                "intensidadeVento": 4.1, 
                "descDirVento": "W"
            }
        }, 
        {
            "geometry": {
                "type": "Point", 
                "coordinates": [
                    -8.0167, 
                    41.7167
                ]
            }, 
            "type": "Feature", 
            "properties": {
                "intensidadeVentoKM": 14.0, 
                "temperatura": 32.0, 
                "idEstacao": 1210619, 
                "pressao": -99.0, 
                "humidade": 33.0, 
                "localEstacao": "Cabril", 
                "precAcumulada": 0.0, 
                "idDireccVento": 7, 
                "radiacao": -99.0, 
                "time": "2025-08-25T15:00:00", 
                "intensidadeVento": 3.9, 
                "descDirVento": "W"
            }
        }, 
        {
            "geometry": {
                "type": "Point", 
                "coordinates": [
                    -8.45, 
                    41.5668
                ]
            }, 
            "type": "Feature", 
            "properties": {
                "intensidadeVentoKM": 14.4, 
                "temperatura": 26.6, 
                "idEstacao": 1210622, 
                "pressao": 1014.8, 
                "humidade": 59.0, 
                "localEstacao": "Braga, Merelim", 
                "precAcumulada": 0.0, 
                "idDireccVento": 6, 
                "radiacao": 2750.8, 
                "time": "2025-08-25T15:00:00", 
                "intensidadeVento": 4.0, 
                "descDirVento": "SW"
            }
        }, 
        {
            "geometry": {
                "type": "Point", 
                "coordinates": [
                    -8.3178, 
                    41.4289
                ]
            }, 
            "type": "Feature", 
            "properties": {
                "intensidadeVentoKM": -99.0, 
                "temperatura": 28.5, 
                "idEstacao": 1210625, 
                "pressao": 1014.0, 
                "humidade": 50.0, 
                "localEstacao": "Guimar\u00e3es", 
                "precAcumulada": -99.0, 
                "idDireccVento": 0, 
                "radiacao": 2664.3, 
                "time": "2025-08-25T15:00:00", 
                "intensidadeVento": -99.0, 
                "descDirVento": "---"
            }
        }, 
        {
            "geometry": {
                "type": "Point", 
                "coordinates": [
                    -7.9667, 
                    41.5333
                ]
            }, 
            "type": "Feature", 
            "properties": {
                "intensidadeVentoKM": 6.1, 
                "temperatura": 33.0, 
                "idEstacao": 1210630, 
                "pressao": -99.0, 
                "humidade": 31.0, 
                "localEstacao": "Cabeceiras de Basto", 
                "precAcumulada": 0.0, 
                "idDireccVento": 6, 
                "radiacao": 2613.7, 
                "time": "2025-08-25T15:00:00", 
                "intensidadeVento": 1.7, 
                "descDirVento": "SW"
            }
        }, 
        {
            "geometry": {
                "type": "Point", 
                "coordinates": [
                    -7.1908, 
                    41.5148
                ]
            }, 
            "type": "Feature", 
            "properties": {
                "intensidadeVentoKM": 14.0, 
                "temperatura": 35.7, 
                "idEstacao": 1210632, 
                "pressao": -99.0, 
                "humidade": 21.0, 
                "localEstacao": "Mirandela", 
                "precAcumulada": 0.0, 
                "idDireccVento": 7, 
                "radiacao": -99.0, 
                "time": "2025-08-25T15:00:00", 
                "intensidadeVento": 3.9, 
                "descDirVento": "W"
            }
        }, 
        {
            "geometry": {
                "type": "Point", 
                "coordinates": [
                    -6.2833, 
                    41.5167
                ]
            }, 
            "type": "Feature", 
            "properties": {
                "intensidadeVentoKM": 7.2, 
                "temperatura": 33.8, 
                "idEstacao": 1210635, 
                "pressao": -99.0, 
                "humidade": 22.0, 
                "localEstacao": "Miranda do Douro", 
                "precAcumulada": 0.0, 
                "idDireccVento": 5, 
                "radiacao": -99.0, 
                "time": "2025-08-25T15:00:00", 
                "intensidadeVento": 2.0, 
                "descDirVento": "S"
            }
        }, 
        {
            "geometry": {
                "type": "Point", 
                "coordinates": [
                    -6.7333, 
                    41.3333
                ]
            }, 
            "type": "Feature", 
            "properties": {
                "intensidadeVentoKM": 14.0, 
                "temperatura": 32.8, 
                "idEstacao": 1210637, 
                "pressao": -99.0, 
                "humidade": 22.0, 
                "localEstacao": "Mogadouro", 
                "precAcumulada": 0.0, 
                "idDireccVento": 6, 
                "radiacao": 2656.4, 
                "time": "2025-08-25T15:00:00", 
                "intensidadeVento": 3.9, 
                "descDirVento": "SW"
            }
        }, 
        {
            "geometry": {
                "type": "Point", 
                "coordinates": [
                    -8.3801, 
                    41.2737
                ]
            }, 
            "type": "Feature", 
            "properties": {
                "intensidadeVentoKM": 10.8, 
                "temperatura": 27.6, 
                "idEstacao": 1210643, 
                "pressao": -99.0, 
                "humidade": 52.0, 
                "localEstacao": "Pa\u00e7os Ferreira", 
                "precAcumulada": 0.0, 
                "idDireccVento": 6, 
                "radiacao": -99.0, 
                "time": "2025-08-25T15:00:00", 
                "intensidadeVento": 3.0, 
                "descDirVento": "SW"
            }
        }, 
        {
            "geometry": {
                "type": "Point", 
                "coordinates": [
                    -7.2833, 
                    41.2333
                ]
            }, 
            "type": "Feature", 
            "properties": {
                "intensidadeVentoKM": 4.3, 
                "temperatura": 32.8, 
                "idEstacao": 1210644, 
                "pressao": -99.0, 
                "humidade": 24.0, 
                "localEstacao": "Carraz\u00eada de Ansi\u00e3es", 
                "precAcumulada": 0.0, 
                "idDireccVento": 5, 
                "radiacao": 2544.5, 
                "time": "2025-08-25T15:00:00", 
                "intensidadeVento": 1.2, 
                "descDirVento": "S"
            }
        }, 
        {
            "geometry": {
                "type": "Point", 
                "coordinates": [
                    -8.6445, 
                    41.1844
                ]
            }, 
            "type": "Feature", 
            "properties": {
                "intensidadeVentoKM": 5.4, 
                "temperatura": 22.4, 
                "idEstacao": 1210649, 
                "pressao": -99.0, 
                "humidade": 69.0, 
                "localEstacao": "S. Gens", 
                "precAcumulada": 0.0, 
                "idDireccVento": 6, 
                "radiacao": 2354.5, 
                "time": "2025-08-25T15:00:00", 
                "intensidadeVento": 1.5, 
                "descDirVento": "SW"
            }
        }, 
        {
            "geometry": {
                "type": "Point", 
                "coordinates": [
                    -7.0167, 
                    41.1833
                ]
            }, 
            "type": "Feature", 
            "properties": {
                "intensidadeVentoKM": 12.2, 
                "temperatura": 33.7, 
                "idEstacao": 1210654, 
                "pressao": 1010.3, 
                "humidade": 20.0, 
                "localEstacao": "Moncorvo", 
                "precAcumulada": 0.0, 
                "idDireccVento": 6, 
                "radiacao": 2714.6, 
                "time": "2025-08-25T15:00:00", 
                "intensidadeVento": 3.4, 
                "descDirVento": "SW"
            }
        }, 
        {
            "geometry": {
                "type": "Point", 
                "coordinates": [
                    -7.549, 
                    41.1728
                ]
            }, 
            "type": "Feature", 
            "properties": {
                "intensidadeVentoKM": 10.8, 
                "temperatura": 37.8, 
                "idEstacao": 1210655, 
                "pressao": -99.0, 
                "humidade": 17.0, 
                "localEstacao": "Pinh\u00e3o, Santa B\u00e1rbara", 
                "precAcumulada": 0.0, 
                "idDireccVento": 8, 
                "radiacao": -99.0, 
                "time": "2025-08-25T15:00:00", 
                "intensidadeVento": 3.0, 
                "descDirVento": "NW"
            }
        }, 
        {
            "geometry": {
                "type": "Point", 
                "coordinates": [
                    -8.249, 
                    41.1459
                ]
            }, 
            "type": "Feature", 
            "properties": {
                "intensidadeVentoKM": 8.3, 
                "temperatura": 27.8, 
                "idEstacao": 1210657, 
                "pressao": -99.0, 
                "humidade": 47.0, 
                "localEstacao": "Luzim", 
                "precAcumulada": 0.0, 
                "idDireccVento": 8, 
                "radiacao": 2641.9, 
                "time": "2025-08-25T15:00:00", 
                "intensidadeVento": 2.3, 
                "descDirVento": "NW"
            }
        }, 
        {
            "geometry": {
                "type": "Point", 
                "coordinates": [
                    -7.6, 
                    40.9833
                ]
            }, 
            "type": "Feature", 
            "properties": {
                "intensidadeVentoKM": 10.8, 
                "temperatura": 33.3, 
                "idEstacao": 1210663, 
                "pressao": -99.0, 
                "humidade": 19.0, 
                "localEstacao": "Moimenta da Beira", 
                "precAcumulada": 0.0, 
                "idDireccVento": 6, 
                "radiacao": 2721.5, 
                "time": "2025-08-25T15:00:00", 
                "intensidadeVento": 3.0, 
                "descDirVento": "SW"
            }
        }, 
        {
            "geometry": {
                "type": "Point", 
                "coordinates": [
                    -7.2569, 
                    40.9689
                ]
            }, 
            "type": "Feature", 
            "properties": {
                "intensidadeVentoKM": 13.3, 
                "temperatura": 32.3, 
                "idEstacao": 1210665, 
                "pressao": 1009.2, 
                "humidade": 20.0, 
                "localEstacao": "M\u00eada", 
                "precAcumulada": -99.0, 
                "idDireccVento": 6, 
                "radiacao": 2583.1, 
                "time": "2025-08-25T15:00:00", 
                "intensidadeVento": 3.7, 
                "descDirVento": "SW"
            }
        }, 
        {
            "geometry": {
                "type": "Point", 
                "coordinates": [
                    -7.3667, 
                    40.7833
                ]
            }, 
            "type": "Feature", 
            "properties": {
                "intensidadeVentoKM": 10.1, 
                "temperatura": 31.5, 
                "idEstacao": 1210666, 
                "pressao": -99.0, 
                "humidade": 23.0, 
                "localEstacao": "Trancoso, Bandarra", 
                "precAcumulada": 0.0, 
                "idDireccVento": 7, 
                "radiacao": 2692.1, 
                "time": "2025-08-25T15:00:00", 
                "intensidadeVento": 2.8, 
                "descDirVento": "W"
            }
        }, 
        {
            "geometry": {
                "type": "Point", 
                "coordinates": [
                    -8.25, 
                    40.9333
                ]
            }, 
            "type": "Feature", 
            "properties": {
                "intensidadeVentoKM": 7.9, 
                "temperatura": 30.8, 
                "idEstacao": 1210669, 
                "pressao": -99.0, 
                "humidade": 42.0, 
                "localEstacao": "Arouca", 
                "precAcumulada": 0.0, 
                "idDireccVento": 8, 
                "radiacao": 2745.0, 
                "time": "2025-08-25T15:00:00", 
                "intensidadeVento": 2.2, 
                "descDirVento": "NW"
            }
        }, 
        {
            "geometry": {
                "type": "Point", 
                "coordinates": [
                    -6.8833, 
                    40.75
                ]
            }, 
            "type": "Feature", 
            "properties": {
                "intensidadeVentoKM": 7.9, 
                "temperatura": 33.4, 
                "idEstacao": 1210671, 
                "pressao": -99.0, 
                "humidade": 22.0, 
                "localEstacao": "Fig. de Castelo Rodrigo (Vila Torpim)", 
                "precAcumulada": 0.0, 
                "idDireccVento": 6, 
                "radiacao": 2626.5, 
                "time": "2025-08-25T15:00:00", 
                "intensidadeVento": 2.2, 
                "descDirVento": "SW"
            }
        }, 
        {
            "geometry": {
                "type": "Point", 
                "coordinates": [
                    -7.2667, 
                    40.5333
                ]
            }, 
            "type": "Feature", 
            "properties": {
                "intensidadeVentoKM": 5.4, 
                "temperatura": 29.2, 
                "idEstacao": 1210683, 
                "pressao": -99.0, 
                "humidade": 24.0, 
                "localEstacao": "Guarda", 
                "precAcumulada": 0.0, 
                "idDireccVento": 5, 
                "radiacao": 2754.2, 
                "time": "2025-08-25T15:00:00", 
                "intensidadeVento": 1.5, 
                "descDirVento": "S"
            }
        }, 
        {
            "geometry": {
                "type": "Point", 
                "coordinates": [
                    -7.85, 
                    40.5167
                ]
            }, 
            "type": "Feature", 
            "properties": {
                "intensidadeVentoKM": 13.0, 
                "temperatura": 32.6, 
                "idEstacao": 1210685, 
                "pressao": -99.0, 
                "humidade": 31.0, 
                "localEstacao": "Nelas", 
                "precAcumulada": 0.0, 
                "idDireccVento": 6, 
                "radiacao": 2684.7, 
                "time": "2025-08-25T15:00:00", 
                "intensidadeVento": 3.6, 
                "descDirVento": "SW"
            }
        }, 
        {
            "geometry": {
                "type": "Point", 
                "coordinates": [
                    -7.927, 
                    40.1457
                ]
            }, 
            "type": "Feature", 
            "properties": {
                "intensidadeVentoKM": 13.3, 
                "temperatura": 27.5, 
                "idEstacao": 1210686, 
                "pressao": -99.0, 
                "humidade": 38.0, 
                "localEstacao": "Pampilhosa da Serra, Faj\u00e3o", 
                "precAcumulada": 0.0, 
                "idDireccVento": 8, 
                "radiacao": -99.0, 
                "time": "2025-08-25T15:00:00", 
                "intensidadeVento": 3.7, 
                "descDirVento": "NW"
            }
        }, 
        {
            "geometry": {
                "type": "Point", 
                "coordinates": [
                    -7.4823, 
                    40.2643
                ]
            }, 
            "type": "Feature", 
            "properties": {
                "intensidadeVentoKM": 9.0, 
                "temperatura": 33.6, 
                "idEstacao": 1210687, 
                "pressao": -99.0, 
                "humidade": 21.0, 
                "localEstacao": "Covilh\u00e3 (Aer\u00f3dromo)", 
                "precAcumulada": 0.0, 
                "idDireccVento": 2, 
                "radiacao": 2733.9, 
                "time": "2025-08-25T15:00:00", 
                "intensidadeVento": 2.5, 
                "descDirVento": "NE"
            }
        }, 
        {
            "geometry": {
                "type": "Point", 
                "coordinates": [
                    -7.3893, 
                    40.3543
                ]
            }, 
            "type": "Feature", 
            "properties": {
                "intensidadeVentoKM": 4.7, 
                "temperatura": 34.0, 
                "idEstacao": 1210690, 
                "pressao": -99.0, 
                "humidade": 17.0, 
                "localEstacao": "Aldeia Souto (Quinta Lageosa)", 
                "precAcumulada": 0.0, 
                "idDireccVento": 5, 
                "radiacao": 2815.1, 
                "time": "2025-08-25T15:00:00", 
                "intensidadeVento": 1.3, 
                "descDirVento": "S"
            }
        }, 
        {
            "geometry": {
                "type": "Point", 
                "coordinates": [
                    -8.2441, 
                    40.1439
                ]
            }, 
            "type": "Feature", 
            "properties": {
                "intensidadeVentoKM": 9.7, 
                "temperatura": 31.1, 
                "idEstacao": 1210697, 
                "pressao": -99.0, 
                "humidade": 46.0, 
                "localEstacao": "Lous\u00e3 (Aer\u00f3dromo)", 
                "precAcumulada": 0.0, 
                "idDireccVento": 8, 
                "radiacao": -99.0, 
                "time": "2025-08-25T15:00:00", 
                "intensidadeVento": 2.7, 
                "descDirVento": "NW"
            }
        }, 
        {
            "geometry": {
                "type": "Point", 
                "coordinates": [
                    -7.5536, 
                    40.1406
                ]
            }, 
            "type": "Feature", 
            "properties": {
                "intensidadeVentoKM": 9.0, 
                "temperatura": 33.0, 
                "idEstacao": 1210698, 
                "pressao": -99.0, 
                "humidade": 15.0, 
                "localEstacao": "Fund\u00e3o", 
                "precAcumulada": 0.0, 
                "idDireccVento": 4, 
                "radiacao": 2741.0, 
                "time": "2025-08-25T15:00:00", 
                "intensidadeVento": 2.5, 
                "descDirVento": "SE"
            }
        }, 
        {
            "geometry": {
                "type": "Point", 
                "coordinates": [
                    -8.6596, 
                    40.6353
                ]
            }, 
            "type": "Feature", 
            "properties": {
                "intensidadeVentoKM": 17.6, 
                "temperatura": 20.9, 
                "idEstacao": 1210702, 
                "pressao": 1016.0, 
                "humidade": 80.0, 
                "localEstacao": "Aveiro (Universidade)", 
                "precAcumulada": 0.0, 
                "idDireccVento": 9, 
                "radiacao": 1940.4, 
                "time": "2025-08-25T15:00:00", 
                "intensidadeVento": 4.9, 
                "descDirVento": "N"
            }
        }, 
        {
            "geometry": {
                "type": "Point", 
                "coordinates": [
                    -8.7617, 
                    40.446
                ]
            }, 
            "type": "Feature", 
            "properties": {
                "intensidadeVentoKM": 15.5, 
                "temperatura": 19.9, 
                "idEstacao": 1210704, 
                "pressao": -99.0, 
                "humidade": 96.0, 
                "localEstacao": "Dunas de Mira", 
                "precAcumulada": 0.0, 
                "idDireccVento": 8, 
                "radiacao": 1115.6, 
                "time": "2025-08-25T15:00:00", 
                "intensidadeVento": 4.3, 
                "descDirVento": "NW"
            }
        }, 
        {
            "geometry": {
                "type": "Point", 
                "coordinates": [
                    -8.44, 
                    40.4389
                ]
            }, 
            "type": "Feature", 
            "properties": {
                "intensidadeVentoKM": 8.6, 
                "temperatura": 29.1, 
                "idEstacao": 1210705, 
                "pressao": -99.0, 
                "humidade": 47.0, 
                "localEstacao": "Anadia", 
                "precAcumulada": 0.0, 
                "idDireccVento": 7, 
                "radiacao": 2593.7, 
                "time": "2025-08-25T15:00:00", 
                "intensidadeVento": 2.4, 
                "descDirVento": "W"
            }
        }, 
        {
            "geometry": {
                "type": "Point", 
                "coordinates": [
                    -8.4552, 
                    40.2135
                ]
            }, 
            "type": "Feature", 
            "properties": {
                "intensidadeVentoKM": 18.0, 
                "temperatura": 28.3, 
                "idEstacao": 1210707, 
                "pressao": -99.0, 
                "humidade": 58.0, 
                "localEstacao": "Coimbra, Bencanta", 
                "precAcumulada": 0.0, 
                "idDireccVento": 7, 
                "radiacao": 2745.9, 
                "time": "2025-08-25T15:00:00", 
                "intensidadeVento": 5.0, 
                "descDirVento": "W"
            }
        }, 
        {
            "geometry": {
                "type": "Point", 
                "coordinates": [
                    -8.8059, 
                    40.1398
                ]
            }, 
            "type": "Feature", 
            "properties": {
                "intensidadeVentoKM": 13.7, 
                "temperatura": 23.0, 
                "idEstacao": 1210713, 
                "pressao": -99.0, 
                "humidade": -99.0, 
                "localEstacao": "Figueira da Foz, Vila Verde", 
                "precAcumulada": 0.0, 
                "idDireccVento": 8, 
                "radiacao": 0.0, 
                "time": "2025-08-25T15:00:00", 
                "intensidadeVento": 3.8, 
                "descDirVento": "NW"
            }
        }, 
        {
            "geometry": {
                "type": "Point", 
                "coordinates": [
                    -8.4, 
                    39.9
                ]
            }, 
            "type": "Feature", 
            "properties": {
                "intensidadeVentoKM": 15.1, 
                "temperatura": 29.5, 
                "idEstacao": 1210716, 
                "pressao": -99.0, 
                "humidade": 42.0, 
                "localEstacao": "Ansi\u00e3o", 
                "precAcumulada": 0.0, 
                "idDireccVento": 8, 
                "radiacao": 2744.5, 
                "time": "2025-08-25T15:00:00", 
                "intensidadeVento": 4.2, 
                "descDirVento": "NW"
            }
        }, 
        {
            "geometry": {
                "type": "Point", 
                "coordinates": [
                    -8.8182, 
                    39.7806
                ]
            }, 
            "type": "Feature", 
            "properties": {
                "intensidadeVentoKM": 16.2, 
                "temperatura": 24.3, 
                "idEstacao": 1210718, 
                "pressao": 1015.4, 
                "humidade": 68.0, 
                "localEstacao": "Leiria (Aer\u00f3dromo)", 
                "precAcumulada": 0.0, 
                "idDireccVento": 8, 
                "radiacao": 2717.2, 
                "time": "2025-08-25T15:00:00", 
                "intensidadeVento": 4.5, 
                "descDirVento": "NW"
            }
        }, 
        {
            "geometry": {
                "type": "Point", 
                "coordinates": [
                    -9.0306, 
                    39.7636
                ]
            }, 
            "type": "Feature", 
            "properties": {
                "intensidadeVentoKM": 6.5, 
                "temperatura": 22.8, 
                "idEstacao": 1210721, 
                "pressao": -99.0, 
                "humidade": 74.0, 
                "localEstacao": "S\u00e3o Pedro de Moel", 
                "precAcumulada": 0.0, 
                "idDireccVento": 7, 
                "radiacao": -99.0, 
                "time": "2025-08-25T15:00:00", 
                "intensidadeVento": 1.8, 
                "descDirVento": "W"
            }
        }, 
        {
            "geometry": {
                "type": "Point", 
                "coordinates": [
                    -8.6489, 
                    39.6217
                ]
            }, 
            "type": "Feature", 
            "properties": {
                "intensidadeVentoKM": 16.9, 
                "temperatura": 27.8, 
                "idEstacao": 1210723, 
                "pressao": 1013.1, 
                "humidade": 48.0, 
                "localEstacao": "Our\u00e9m / F\u00e1tima", 
                "precAcumulada": -99.0, 
                "idDireccVento": 6, 
                "radiacao": 2791.4, 
                "time": "2025-08-25T15:00:00", 
                "intensidadeVento": 4.7, 
                "descDirVento": "SW"
            }
        }, 
        {
            "geometry": {
                "type": "Point", 
                "coordinates": [
                    -8.3667, 
                    39.6
                ]
            }, 
            "type": "Feature", 
            "properties": {
                "intensidadeVentoKM": 11.5, 
                "temperatura": 33.4, 
                "idEstacao": 1210724, 
                "pressao": -99.0, 
                "humidade": 33.0, 
                "localEstacao": "Tomar, Valdonas", 
                "precAcumulada": 0.0, 
                "idDireccVento": 8, 
                "radiacao": 2760.6, 
                "time": "2025-08-25T15:00:00", 
                "intensidadeVento": 3.2, 
                "descDirVento": "NW"
            }
        }, 
        {
            "geometry": {
                "type": "Point", 
                "coordinates": [
                    -8.9667, 
                    39.5167
                ]
            }, 
            "type": "Feature", 
            "properties": {
                "intensidadeVentoKM": 13.3, 
                "temperatura": 25.3, 
                "idEstacao": 1210726, 
                "pressao": -99.0, 
                "humidade": 59.0, 
                "localEstacao": "Alcoba\u00e7a", 
                "precAcumulada": 0.0, 
                "idDireccVento": 8, 
                "radiacao": 2731.9, 
                "time": "2025-08-25T15:00:00", 
                "intensidadeVento": 3.7, 
                "descDirVento": "NW"
            }
        }, 
        {
            "geometry": {
                "type": "Point", 
                "coordinates": [
                    -8.9333, 
                    39.35
                ]
            }, 
            "type": "Feature", 
            "properties": {
                "intensidadeVentoKM": 16.9, 
                "temperatura": 26.4, 
                "idEstacao": 1210729, 
                "pressao": -99.0, 
                "humidade": 58.0, 
                "localEstacao": "Rio Maior", 
                "precAcumulada": 0.0, 
                "idDireccVento": 8, 
                "radiacao": 2438.1, 
                "time": "2025-08-25T15:00:00", 
                "intensidadeVento": 4.7, 
                "descDirVento": "NW"
            }
        }, 
        {
            "geometry": {
                "type": "Point", 
                "coordinates": [
                    -8.7367, 
                    39.2012
                ]
            }, 
            "type": "Feature", 
            "properties": {
                "intensidadeVentoKM": 13.7, 
                "temperatura": 31.6, 
                "idEstacao": 1210734, 
                "pressao": 1013.7, 
                "humidade": 37.0, 
                "localEstacao": "Santar\u00e9m, Fonte Boa", 
                "precAcumulada": 0.0, 
                "idDireccVento": 7, 
                "radiacao": 2503.7, 
                "time": "2025-08-25T15:00:00", 
                "intensidadeVento": 3.8, 
                "descDirVento": "W"
            }
        }, 
        {
            "geometry": {
                "type": "Point", 
                "coordinates": [
                    -9.179, 
                    39.0439
                ]
            }, 
            "type": "Feature", 
            "properties": {
                "intensidadeVentoKM": 18.7, 
                "temperatura": 26.2, 
                "idEstacao": 1210739, 
                "pressao": -99.0, 
                "humidade": 57.0, 
                "localEstacao": "Torres Vedras, Dois Portos", 
                "precAcumulada": 0.0, 
                "idDireccVento": 8, 
                "radiacao": 2796.9, 
                "time": "2025-08-25T15:00:00", 
                "intensidadeVento": 5.2, 
                "descDirVento": "NW"
            }
        }, 
        {
            "geometry": {
                "type": "Point", 
                "coordinates": [
                    -9.379, 
                    39.1259
                ]
            }, 
            "type": "Feature", 
            "properties": {
                "intensidadeVentoKM": 16.9, 
                "temperatura": 21.5, 
                "idEstacao": 1210746, 
                "pressao": 1015.8, 
                "humidade": 75.0, 
                "localEstacao": "Santa Cruz (Aer\u00f3dromo)", 
                "precAcumulada": 0.0, 
                "idDireccVento": 9, 
                "radiacao": 838.5, 
                "time": "2025-08-25T15:00:00", 
                "intensidadeVento": 4.7, 
                "descDirVento": "N"
            }
        }, 
        {
            "geometry": {
                "type": "Point", 
                "coordinates": [
                    -9.46, 
                    38.8126
                ]
            }, 
            "type": "Feature", 
            "properties": {
                "intensidadeVentoKM": -99.0, 
                "temperatura": -99.0, 
                "idEstacao": 1210747, 
                "pressao": -99.0, 
                "humidade": -99.0, 
                "localEstacao": "Sintra, Colares", 
                "precAcumulada": 0.0, 
                "idDireccVento": 0, 
                "radiacao": -99.0, 
                "time": "2025-08-25T15:00:00", 
                "intensidadeVento": -99.0, 
                "descDirVento": "---"
            }
        }, 
        {
            "geometry": {
                "type": "Point", 
                "coordinates": [
                    -9.4975, 
                    38.7817
                ]
            }, 
            "type": "Feature", 
            "properties": {
                "intensidadeVentoKM": 40.0, 
                "temperatura": 20.0, 
                "idEstacao": 1210750, 
                "pressao": -99.0, 
                "humidade": 83.0, 
                "localEstacao": "Cabo da Roca", 
                "precAcumulada": 0.0, 
                "idDireccVento": 0, 
                "radiacao": 2965.0, 
                "time": "2025-08-25T15:00:00", 
                "intensidadeVento": 11.1, 
                "descDirVento": "---"
            }
        }, 
        {
            "geometry": {
                "type": "Point", 
                "coordinates": [
                    -9.4004, 
                    38.7817
                ]
            }, 
            "type": "Feature", 
            "properties": {
                "intensidadeVentoKM": 15.8, 
                "temperatura": 19.7, 
                "idEstacao": 1210752, 
                "pressao": -99.0, 
                "humidade": 76.0, 
                "localEstacao": "Sintra/Tapada do Mouco", 
                "precAcumulada": 0.0, 
                "idDireccVento": 8, 
                "radiacao": -99.0, 
                "time": "2025-08-25T15:00:00", 
                "intensidadeVento": 4.4, 
                "descDirVento": "NW"
            }
        }, 
        {
            "geometry": {
                "type": "Point", 
                "coordinates": [
                    -9.1828, 
                    38.7096
                ]
            }, 
            "type": "Feature", 
            "properties": {
                "intensidadeVentoKM": 11.2, 
                "temperatura": 29.7, 
                "idEstacao": 1210762, 
                "pressao": -99.0, 
                "humidade": 43.0, 
                "localEstacao": "Lisboa, Tapada da Ajuda", 
                "precAcumulada": 0.0, 
                "idDireccVento": 9, 
                "radiacao": 2881.8, 
                "time": "2025-08-25T15:00:00", 
                "intensidadeVento": 3.1, 
                "descDirVento": "N"
            }
        }, 
        {
            "geometry": {
                "type": "Point", 
                "coordinates": [
                    -9.4854, 
                    38.709
                ]
            }, 
            "type": "Feature", 
            "properties": {
                "intensidadeVentoKM": 28.8, 
                "temperatura": 20.0, 
                "idEstacao": 1210765, 
                "pressao": -99.0, 
                "humidade": 84.0, 
                "localEstacao": "Cabo Raso", 
                "precAcumulada": 0.0, 
                "idDireccVento": 8, 
                "radiacao": -99.0, 
                "time": "2025-08-25T15:00:00", 
                "intensidadeVento": 8.0, 
                "descDirVento": "NW"
            }
        }, 
        {
            "geometry": {
                "type": "Point", 
                "coordinates": [
                    -9.0477, 
                    38.6745
                ]
            }, 
            "type": "Feature", 
            "properties": {
                "intensidadeVentoKM": 7.2, 
                "temperatura": 30.4, 
                "idEstacao": 1210766, 
                "pressao": -99.0, 
                "humidade": 41.0, 
                "localEstacao": "Barreiro, Lavradio", 
                "precAcumulada": 0.0, 
                "idDireccVento": 8, 
                "radiacao": 2775.1, 
                "time": "2025-08-25T15:00:00", 
                "intensidadeVento": 2.0, 
                "descDirVento": "NW"
            }
        }, 
        {
            "geometry": {
                "type": "Point", 
                "coordinates": [
                    -8.635, 
                    38.6508
                ]
            }, 
            "type": "Feature", 
            "properties": {
                "intensidadeVentoKM": 11.9, 
                "temperatura": 33.0, 
                "idEstacao": 1210767, 
                "pressao": -99.0, 
                "humidade": 46.0, 
                "localEstacao": "Peg\u00f5es", 
                "precAcumulada": 0.0, 
                "idDireccVento": 7, 
                "radiacao": 2974.0, 
                "time": "2025-08-25T15:00:00", 
                "intensidadeVento": 3.3, 
                "descDirVento": "W"
            }
        }, 
        {
            "geometry": {
                "type": "Point", 
                "coordinates": [
                    -8.8908, 
                    38.5485
                ]
            }, 
            "type": "Feature", 
            "properties": {
                "intensidadeVentoKM": 9.7, 
                "temperatura": 29.0, 
                "idEstacao": 1210770, 
                "pressao": -99.0, 
                "humidade": 44.0, 
                "localEstacao": "Set\u00fabal (Est. de Fruticultura)", 
                "precAcumulada": 0.0, 
                "idDireccVento": 5, 
                "radiacao": 2986.1, 
                "time": "2025-08-25T15:00:00", 
                "intensidadeVento": 2.7, 
                "descDirVento": "S"
            }
        }, 
        {
            "geometry": {
                "type": "Point", 
                "coordinates": [
                    -8.4833, 
                    38.3667
                ]
            }, 
            "type": "Feature", 
            "properties": {
                "intensidadeVentoKM": 15.1, 
                "temperatura": 31.5, 
                "idEstacao": 1210776, 
                "pressao": -99.0, 
                "humidade": 30.0, 
                "localEstacao": "Alc\u00e1cer do Sal, Barrosinha", 
                "precAcumulada": 0.0, 
                "idDireccVento": 8, 
                "radiacao": 2712.6, 
                "time": "2025-08-25T15:00:00", 
                "intensidadeVento": 4.2, 
                "descDirVento": "NW"
            }
        }, 
        {
            "geometry": {
                "type": "Point", 
                "coordinates": [
                    -8.3945, 
                    37.9468
                ]
            }, 
            "type": "Feature", 
            "properties": {
                "intensidadeVentoKM": 19.1, 
                "temperatura": 32.9, 
                "idEstacao": 1210783, 
                "pressao": -99.0, 
                "humidade": 28.0, 
                "localEstacao": "Alvalade", 
                "precAcumulada": 0.0, 
                "idDireccVento": 7, 
                "radiacao": 2778.3, 
                "time": "2025-08-25T15:00:00", 
                "intensidadeVento": 5.3, 
                "descDirVento": "W"
            }
        }, 
        {
            "geometry": {
                "type": "Point", 
                "coordinates": [
                    -8.3019, 
                    37.5025
                ]
            }, 
            "type": "Feature", 
            "properties": {
                "intensidadeVentoKM": 19.4, 
                "temperatura": 30.3, 
                "idEstacao": 1210785, 
                "pressao": 1012.8, 
                "humidade": 39.0, 
                "localEstacao": "Ourique / Santana da Serra", 
                "precAcumulada": 0.0, 
                "idDireccVento": 6, 
                "radiacao": 2759.0, 
                "time": "2025-08-25T15:00:00", 
                "intensidadeVento": 5.4, 
                "descDirVento": "SW"
            }
        }, 
        {
            "geometry": {
                "type": "Point", 
                "coordinates": [
                    -8.7429, 
                    37.582
                ]
            }, 
            "type": "Feature", 
            "properties": {
                "intensidadeVentoKM": 11.5, 
                "temperatura": 25.2, 
                "idEstacao": 1210788, 
                "pressao": -99.0, 
                "humidade": 59.0, 
                "localEstacao": "Zambujeira", 
                "precAcumulada": 0.0, 
                "idDireccVento": 9, 
                "radiacao": 2831.9, 
                "time": "2025-08-25T15:00:00", 
                "intensidadeVento": 3.2, 
                "descDirVento": "N"
            }
        }, 
        {
            "geometry": {
                "type": "Point", 
                "coordinates": [
                    -8.8, 
                    37.3168
                ]
            }, 
            "type": "Feature", 
            "properties": {
                "intensidadeVentoKM": 9.4, 
                "temperatura": 24.8, 
                "idEstacao": 1210789, 
                "pressao": -99.0, 
                "humidade": 61.0, 
                "localEstacao": "Aljezur", 
                "precAcumulada": 0.0, 
                "idDireccVento": 7, 
                "radiacao": 2836.9, 
                "time": "2025-08-25T15:00:00", 
                "intensidadeVento": 2.6, 
                "descDirVento": "W"
            }
        }, 
        {
            "geometry": {
                "type": "Point", 
                "coordinates": [
                    -8.5957, 
                    37.3143
                ]
            }, 
            "type": "Feature", 
            "properties": {
                "intensidadeVentoKM": 19.1, 
                "temperatura": 22.1, 
                "idEstacao": 1210790, 
                "pressao": -99.0, 
                "humidade": 50.0, 
                "localEstacao": "Fo\u00eda", 
                "precAcumulada": 0.0, 
                "idDireccVento": 8, 
                "radiacao": 3098.6, 
                "time": "2025-08-25T15:00:00", 
                "intensidadeVento": 5.3, 
                "descDirVento": "NW"
            }
        }, 
        {
            "geometry": {
                "type": "Point", 
                "coordinates": [
                    -7.0369, 
                    40.3392
                ]
            }, 
            "type": "Feature", 
            "properties": {
                "intensidadeVentoKM": 8.6, 
                "temperatura": 31.6, 
                "idEstacao": 1210800, 
                "pressao": -99.0, 
                "humidade": 25.0, 
                "localEstacao": "Sabugal, Martim Rei", 
                "precAcumulada": 0.0, 
                "idDireccVento": 7, 
                "radiacao": -99.0, 
                "time": "2025-08-25T15:00:00", 
                "intensidadeVento": 2.4, 
                "descDirVento": "W"
            }
        }, 
        {
            "geometry": {
                "type": "Point", 
                "coordinates": [
                    -7.0167, 
                    39.8667
                ]
            }, 
            "type": "Feature", 
            "properties": {
                "intensidadeVentoKM": 10.4, 
                "temperatura": 34.5, 
                "idEstacao": 1210803, 
                "pressao": -99.0, 
                "humidade": 22.0, 
                "localEstacao": "Zebreira", 
                "precAcumulada": 0.0, 
                "idDireccVento": 5, 
                "radiacao": 2875.7, 
                "time": "2025-08-25T15:00:00", 
                "intensidadeVento": 2.9, 
                "descDirVento": "S"
            }
        }, 
        {
            "geometry": {
                "type": "Point", 
                "coordinates": [
                    -7.8667, 
                    39.7333
                ]
            }, 
            "type": "Feature", 
            "properties": {
                "intensidadeVentoKM": 5.4, 
                "temperatura": 33.5, 
                "idEstacao": 1210806, 
                "pressao": -99.0, 
                "humidade": 26.0, 
                "localEstacao": "Proen\u00e7a-a-Nova, P.Moitas", 
                "precAcumulada": 0.0, 
                "idDireccVento": 6, 
                "radiacao": 2569.9, 
                "time": "2025-08-25T15:00:00", 
                "intensidadeVento": 1.5, 
                "descDirVento": "SW"
            }
        }, 
        {
            "geometry": {
                "type": "Point", 
                "coordinates": [
                    -8.05, 
                    39.4667
                ]
            }, 
            "type": "Feature", 
            "properties": {
                "intensidadeVentoKM": 5.0, 
                "temperatura": 35.1, 
                "idEstacao": 1210812, 
                "pressao": -99.0, 
                "humidade": 24.0, 
                "localEstacao": "Alvega", 
                "precAcumulada": 0.0, 
                "idDireccVento": 7, 
                "radiacao": -99.0, 
                "time": "2025-08-25T15:00:00", 
                "intensidadeVento": 1.4, 
                "descDirVento": "W"
            }
        }, 
        {
            "geometry": {
                "type": "Point", 
                "coordinates": [
                    -7.8667, 
                    39.1
                ]
            }, 
            "type": "Feature", 
            "properties": {
                "intensidadeVentoKM": 5.8, 
                "temperatura": 33.8, 
                "idEstacao": 1210824, 
                "pressao": -99.0, 
                "humidade": 25.0, 
                "localEstacao": "Avis, Benavila (Esc. Abreu Callado)", 
                "precAcumulada": 0.0, 
                "idDireccVento": 8, 
                "radiacao": 2406.4, 
                "time": "2025-08-25T15:00:00", 
                "intensidadeVento": 1.6, 
                "descDirVento": "NW"
            }
        }, 
        {
            "geometry": {
                "type": "Point", 
                "coordinates": [
                    -8.1641, 
                    38.9407
                ]
            }, 
            "type": "Feature", 
            "properties": {
                "intensidadeVentoKM": 6.8, 
                "temperatura": 33.4, 
                "idEstacao": 1210826, 
                "pressao": -99.0, 
                "humidade": 26.0, 
                "localEstacao": "Mora", 
                "precAcumulada": 0.0, 
                "idDireccVento": 1, 
                "radiacao": 2950.7, 
                "time": "2025-08-25T15:00:00", 
                "intensidadeVento": 1.9, 
                "descDirVento": "N"
            }
        }, 
        {
            "geometry": {
                "type": "Point", 
                "coordinates": [
                    -7.1398, 
                    38.8908
                ]
            }, 
            "type": "Feature", 
            "properties": {
                "intensidadeVentoKM": 4.7, 
                "temperatura": 34.1, 
                "idEstacao": 1210835, 
                "pressao": -99.0, 
                "humidade": 25.0, 
                "localEstacao": "Elvas", 
                "precAcumulada": 0.0, 
                "idDireccVento": 3, 
                "radiacao": 2638.5, 
                "time": "2025-08-25T15:00:00", 
                "intensidadeVento": 1.3, 
                "descDirVento": "E"
            }
        }, 
        {
            "geometry": {
                "type": "Point", 
                "coordinates": [
                    -7.5167, 
                    38.8667
                ]
            }, 
            "type": "Feature", 
            "properties": {
                "intensidadeVentoKM": -99.0, 
                "temperatura": 32.2, 
                "idEstacao": 1210837, 
                "pressao": -99.0, 
                "humidade": 32.0, 
                "localEstacao": "Estremoz", 
                "precAcumulada": 0.0, 
                "idDireccVento": 0, 
                "radiacao": 2700.4, 
                "time": "2025-08-25T15:00:00", 
                "intensidadeVento": -99.0, 
                "descDirVento": "---"
            }
        }, 
        {
            "geometry": {
                "type": "Point", 
                "coordinates": [
                    -7.4729, 
                    38.4849
                ]
            }, 
            "type": "Feature", 
            "properties": {
                "intensidadeVentoKM": 9.7, 
                "temperatura": 34.6, 
                "idEstacao": 1210840, 
                "pressao": -99.0, 
                "humidade": 24.0, 
                "localEstacao": "Reguengos, S.Pedro do Corval", 
                "precAcumulada": 0.0, 
                "idDireccVento": 5, 
                "radiacao": 2739.7, 
                "time": "2025-08-25T15:00:00", 
                "intensidadeVento": 2.7, 
                "descDirVento": "S"
            }
        }, 
        {
            "geometry": {
                "type": "Point", 
                "coordinates": [
                    -8.1991, 
                    38.6451
                ]
            }, 
            "type": "Feature", 
            "properties": {
                "intensidadeVentoKM": 11.2, 
                "temperatura": 32.0, 
                "idEstacao": 1210846, 
                "pressao": 1013.8, 
                "humidade": 31.0, 
                "localEstacao": "Montemor-O-Novo", 
                "precAcumulada": 0.0, 
                "idDireccVento": 7, 
                "radiacao": -99.0, 
                "time": "2025-08-25T15:00:00", 
                "intensidadeVento": 3.1, 
                "descDirVento": "W"
            }
        }, 
        {
            "geometry": {
                "type": "Point", 
                "coordinates": [
                    -8.0455, 
                    38.3319
                ]
            }, 
            "type": "Feature", 
            "properties": {
                "intensidadeVentoKM": 10.8, 
                "temperatura": 33.4, 
                "idEstacao": 1210847, 
                "pressao": -99.0, 
                "humidade": 22.0, 
                "localEstacao": "Viana do Alentejo", 
                "precAcumulada": 0.0, 
                "idDireccVento": 1, 
                "radiacao": 2783.7, 
                "time": "2025-08-25T15:00:00", 
                "intensidadeVento": 3.0, 
                "descDirVento": "N"
            }
        }, 
        {
            "geometry": {
                "type": "Point", 
                "coordinates": [
                    -7.8667, 
                    38.3167
                ]
            }, 
            "type": "Feature", 
            "properties": {
                "intensidadeVentoKM": 9.7, 
                "temperatura": 34.6, 
                "idEstacao": 1210848, 
                "pressao": -99.0, 
                "humidade": 25.0, 
                "localEstacao": "Portel, Oriola", 
                "precAcumulada": 0.0, 
                "idDireccVento": 2, 
                "radiacao": -99.0, 
                "time": "2025-08-25T15:00:00", 
                "intensidadeVento": 2.7, 
                "descDirVento": "NE"
            }
        }, 
        {
            "geometry": {
                "type": "Point", 
                "coordinates": [
                    -7.2261, 
                    38.2007
                ]
            }, 
            "type": "Feature", 
            "properties": {
                "intensidadeVentoKM": 11.2, 
                "temperatura": 34.0, 
                "idEstacao": 1210851, 
                "pressao": 1011.2, 
                "humidade": 27.0, 
                "localEstacao": "Amareleja", 
                "precAcumulada": 0.0, 
                "idDireccVento": 7, 
                "radiacao": 2676.9, 
                "time": "2025-08-25T15:00:00", 
                "intensidadeVento": 3.1, 
                "descDirVento": "W"
            }
        }, 
        {
            "geometry": {
                "type": "Point", 
                "coordinates": [
                    -7.55, 
                    37.75
                ]
            }, 
            "type": "Feature", 
            "properties": {
                "intensidadeVentoKM": 7.9, 
                "temperatura": 33.8, 
                "idEstacao": 1210863, 
                "pressao": -99.0, 
                "humidade": 26.0, 
                "localEstacao": "M\u00e9rtola, Vale Formoso", 
                "precAcumulada": 0.0, 
                "idDireccVento": 0, 
                "radiacao": 2483.6, 
                "time": "2025-08-25T15:00:00", 
                "intensidadeVento": 2.2, 
                "descDirVento": "---"
            }
        }, 
        {
            "geometry": {
                "type": "Point", 
                "coordinates": [
                    -7.9721, 
                    37.5766
                ]
            }, 
            "type": "Feature", 
            "properties": {
                "intensidadeVentoKM": 12.2, 
                "temperatura": 32.9, 
                "idEstacao": 1210864, 
                "pressao": -99.0, 
                "humidade": 26.0, 
                "localEstacao": "Castro Verde, N.Corvo", 
                "precAcumulada": 0.0, 
                "idDireccVento": 9, 
                "radiacao": 2616.8, 
                "time": "2025-08-25T15:00:00", 
                "intensidadeVento": 3.4, 
                "descDirVento": "N"
            }
        }, 
        {
            "geometry": {
                "type": "Point", 
                "coordinates": [
                    -7.7667, 
                    37.4333
                ]
            }, 
            "type": "Feature", 
            "properties": {
                "intensidadeVentoKM": 7.2, 
                "temperatura": 32.0, 
                "idEstacao": 1210865, 
                "pressao": 1012.1, 
                "humidade": 28.0, 
                "localEstacao": "Alcoutim, Mart.Longo", 
                "precAcumulada": 0.0, 
                "idDireccVento": 1, 
                "radiacao": -99.0, 
                "time": "2025-08-25T15:00:00", 
                "intensidadeVento": 2.0, 
                "descDirVento": "N"
            }
        }, 
        {
            "geometry": {
                "type": "Point", 
                "coordinates": [
                    -7.4163, 
                    37.1871
                ]
            }, 
            "type": "Feature", 
            "properties": {
                "intensidadeVentoKM": -99.0, 
                "temperatura": 26.1, 
                "idEstacao": 1210866, 
                "pressao": -99.0, 
                "humidade": 67.0, 
                "localEstacao": "Vila Real de S.Ant\u00f3nio", 
                "precAcumulada": 0.0, 
                "idDireccVento": 0, 
                "radiacao": -99.0, 
                "time": "2025-08-25T15:00:00", 
                "intensidadeVento": -99.0, 
                "descDirVento": "---"
            }
        }, 
        {
            "geometry": {
                "type": "Point", 
                "coordinates": [
                    -7.45, 
                    37.2167
                ]
            }, 
            "type": "Feature", 
            "properties": {
                "intensidadeVentoKM": 24.8, 
                "temperatura": 26.3, 
                "idEstacao": 1210867, 
                "pressao": -99.0, 
                "humidade": 67.0, 
                "localEstacao": "Castro Marim (RN Sapal)", 
                "precAcumulada": 0.0, 
                "idDireccVento": 6, 
                "radiacao": 2768.2, 
                "time": "2025-08-25T15:00:00", 
                "intensidadeVento": 6.9, 
                "descDirVento": "SW"
            }
        }, 
        {
            "geometry": {
                "type": "Point", 
                "coordinates": [
                    -8.262, 
                    37.0935
                ]
            }, 
            "type": "Feature", 
            "properties": {
                "intensidadeVentoKM": 20.9, 
                "temperatura": 27.8, 
                "idEstacao": 1210874, 
                "pressao": -99.0, 
                "humidade": 43.0, 
                "localEstacao": "Albufeira", 
                "precAcumulada": 0.0, 
                "idDireccVento": 6, 
                "radiacao": -99.0, 
                "time": "2025-08-25T15:00:00", 
                "intensidadeVento": 5.8, 
                "descDirVento": "SW"
            }
        }, 
        {
            "geometry": {
                "type": "Point", 
                "coordinates": [
                    -8.5814, 
                    37.1492
                ]
            }, 
            "type": "Feature", 
            "properties": {
                "intensidadeVentoKM": 27.0, 
                "temperatura": 30.2, 
                "idEstacao": 1210878, 
                "pressao": 1013.3, 
                "humidade": 34.0, 
                "localEstacao": "Portim\u00e3o (Aer\u00f3dromo)", 
                "precAcumulada": 0.0, 
                "idDireccVento": 7, 
                "radiacao": 3038.3, 
                "time": "2025-08-25T15:00:00", 
                "intensidadeVento": 7.5, 
                "descDirVento": "W"
            }
        }, 
        {
            "geometry": {
                "type": "Point", 
                "coordinates": [
                    -7.821, 
                    37.033
                ]
            }, 
            "type": "Feature", 
            "properties": {
                "intensidadeVentoKM": 0.4, 
                "temperatura": 24.8, 
                "idEstacao": 1210881, 
                "pressao": 1013.9, 
                "humidade": 67.0, 
                "localEstacao": "Olh\u00e3o, EPPO", 
                "precAcumulada": 0.0, 
                "idDireccVento": 5, 
                "radiacao": -99.0, 
                "time": "2025-08-25T15:00:00", 
                "intensidadeVento": 0.1, 
                "descDirVento": "S"
            }
        }, 
        {
            "geometry": {
                "type": "Point", 
                "coordinates": [
                    -7.6205, 
                    37.1217
                ]
            }, 
            "type": "Feature", 
            "properties": {
                "intensidadeVentoKM": 20.5, 
                "temperatura": 27.0, 
                "idEstacao": 1210883, 
                "pressao": 1014.5, 
                "humidade": 60.0, 
                "localEstacao": "Tavira", 
                "precAcumulada": 0.0, 
                "idDireccVento": 6, 
                "radiacao": -99.0, 
                "time": "2025-08-25T15:00:00", 
                "intensidadeVento": 5.7, 
                "descDirVento": "SW"
            }
        }, 
        {
            "geometry": {
                "type": "Point", 
                "coordinates": [
                    -25.1501, 
                    37.8326
                ]
            }, 
            "type": "Feature", 
            "properties": {
                "intensidadeVentoKM": 13.3, 
                "temperatura": 24.7, 
                "idEstacao": 1210932, 
                "pressao": -99.0, 
                "humidade": 61.0, 
                "localEstacao": "S. Miguel, Nordeste", 
                "precAcumulada": -99.0, 
                "idDireccVento": 9, 
                "radiacao": -99.0, 
                "time": "2025-08-25T15:00:00", 
                "intensidadeVento": 3.7, 
                "descDirVento": "N"
            }
        }, 
        {
            "geometry": {
                "type": "Point", 
                "coordinates": [
                    -17.1714, 
                    32.8675
                ]
            }, 
            "type": "Feature", 
            "properties": {
                "intensidadeVentoKM": -99.0, 
                "temperatura": 26.7, 
                "idEstacao": 1210956, 
                "pressao": -99.0, 
                "humidade": 76.0, 
                "localEstacao": "Madeira, Porto Moniz", 
                "precAcumulada": 0.0, 
                "idDireccVento": 0, 
                "radiacao": 829.9, 
                "time": "2025-08-25T15:00:00", 
                "intensidadeVento": -99.0, 
                "descDirVento": "---"
            }
        }, 
        {
            "geometry": {
                "type": "Point", 
                "coordinates": [
                    -16.9062, 
                    32.8345
                ]
            }, 
            "type": "Feature", 
            "properties": {
                "intensidadeVentoKM": -99.0, 
                "temperatura": 23.3, 
                "idEstacao": 1210960, 
                "pressao": 1019.7, 
                "humidade": -99.0, 
                "localEstacao": "Madeira, S. Jorge, Santana", 
                "precAcumulada": 0.0, 
                "idDireccVento": 0, 
                "radiacao": 1356.5, 
                "time": "2025-08-25T15:00:00", 
                "intensidadeVento": -99.0, 
                "descDirVento": "---"
            }
        }, 
        {
            "geometry": {
                "type": "Point", 
                "coordinates": [
                    -16.8864, 
                    32.8082
                ]
            }, 
            "type": "Feature", 
            "properties": {
                "intensidadeVentoKM": -99.0, 
                "temperatura": 22.5, 
                "idEstacao": 1210965, 
                "pressao": -99.0, 
                "humidade": 89.0, 
                "localEstacao": "Madeira, Santana", 
                "precAcumulada": 0.0, 
                "idDireccVento": 0, 
                "radiacao": 1044.9, 
                "time": "2025-08-25T15:00:00", 
                "intensidadeVento": -99.0, 
                "descDirVento": "---"
            }
        }, 
        {
            "geometry": {
                "type": "Point", 
                "coordinates": [
                    -17.0447, 
                    32.8002
                ]
            }, 
            "type": "Feature", 
            "properties": {
                "intensidadeVentoKM": -99.0, 
                "temperatura": 25.0, 
                "idEstacao": 1210967, 
                "pressao": -99.0, 
                "humidade": 81.0, 
                "localEstacao": "Madeira, S\u00e3o Vicente", 
                "precAcumulada": 0.0, 
                "idDireccVento": 0, 
                "radiacao": 957.1, 
                "time": "2025-08-25T15:00:00", 
                "intensidadeVento": -99.0, 
                "descDirVento": "---"
            }
        }, 
        {
            "geometry": {
                "type": "Point", 
                "coordinates": [
                    -16.904, 
                    32.6935
                ]
            }, 
            "type": "Feature", 
            "properties": {
                "intensidadeVentoKM": 3.6, 
                "temperatura": 21.0, 
                "idEstacao": 1210972, 
                "pressao": -99.0, 
                "humidade": -99.0, 
                "localEstacao": "Pico Alto", 
                "precAcumulada": 0.0, 
                "idDireccVento": 5, 
                "radiacao": 0.0, 
                "time": "2025-08-25T15:00:00", 
                "intensidadeVento": 1.0, 
                "descDirVento": "S"
            }
        }, 
        {
            "geometry": {
                "type": "Point", 
                "coordinates": [
                    -16.9167, 
                    32.7167
                ]
            }, 
            "type": "Feature", 
            "properties": {
                "intensidadeVentoKM": 14.0, 
                "temperatura": 15.2, 
                "idEstacao": 1210973, 
                "pressao": -99.0, 
                "humidade": 99.0, 
                "localEstacao": "Madeira, Areeiro", 
                "precAcumulada": 0.0, 
                "idDireccVento": 2, 
                "radiacao": 2050.8, 
                "time": "2025-08-25T15:00:00", 
                "intensidadeVento": 3.9, 
                "descDirVento": "NE"
            }
        }, 
        {
            "geometry": {
                "type": "Point", 
                "coordinates": [
                    -16.9283, 
                    32.7351
                ]
            }, 
            "type": "Feature", 
            "properties": {
                "intensidadeVentoKM": -99.0, 
                "temperatura": 13.7, 
                "idEstacao": 1210974, 
                "pressao": -99.0, 
                "humidade": 100.0, 
                "localEstacao": "Madeira, Pico do Areeiro", 
                "precAcumulada": 0.2, 
                "idDireccVento": 0, 
                "radiacao": -99.0, 
                "time": "2025-08-25T15:00:00", 
                "intensidadeVento": -99.0, 
                "descDirVento": "---"
            }
        }, 
        {
            "geometry": {
                "type": "Point", 
                "coordinates": [
                    -16.9069, 
                    32.6758
                ]
            }, 
            "type": "Feature", 
            "properties": {
                "intensidadeVentoKM": 4.0, 
                "temperatura": 27.2, 
                "idEstacao": 1210976, 
                "pressao": -99.0, 
                "humidade": 63.0, 
                "localEstacao": "Monte ", 
                "precAcumulada": 0.0, 
                "idDireccVento": 5, 
                "radiacao": 3055.6, 
                "time": "2025-08-25T15:00:00", 
                "intensidadeVento": 1.1, 
                "descDirVento": "S"
            }
        }, 
        {
            "geometry": {
                "type": "Point", 
                "coordinates": [
                    -16.8657, 
                    32.645
                ]
            }, 
            "type": "Feature", 
            "properties": {
                "intensidadeVentoKM": 5.4, 
                "temperatura": 26.6, 
                "idEstacao": 1210977, 
                "pressao": -99.0, 
                "humidade": 75.0, 
                "localEstacao": "Madeira, Cancela, Funchal", 
                "precAcumulada": 0.0, 
                "idDireccVento": 3, 
                "radiacao": 3333.2, 
                "time": "2025-08-25T15:00:00", 
                "intensidadeVento": 1.5, 
                "descDirVento": "E"
            }
        }, 
        {
            "geometry": {
                "type": "Point", 
                "coordinates": [
                    -16.706, 
                    32.747
                ]
            }, 
            "type": "Feature", 
            "properties": {
                "intensidadeVentoKM": 32.0, 
                "temperatura": 24.5, 
                "idEstacao": 1210978, 
                "pressao": -99.0, 
                "humidade": 84.0, 
                "localEstacao": "Madeira, Cani\u00e7al, S. Louren\u00e7o", 
                "precAcumulada": 0.0, 
                "idDireccVento": 9, 
                "radiacao": 2221.9, 
                "time": "2025-08-25T15:00:00", 
                "intensidadeVento": 8.9, 
                "descDirVento": "N"
            }
        }, 
        {
            "geometry": {
                "type": "Point", 
                "coordinates": [
                    -17.015, 
                    32.663
                ]
            }, 
            "type": "Feature", 
            "properties": {
                "intensidadeVentoKM": -99.0, 
                "temperatura": 25.9, 
                "idEstacao": 1210984, 
                "pressao": -99.0, 
                "humidade": 53.0, 
                "localEstacao": "Madeira, Quinta Grande", 
                "precAcumulada": 0.0, 
                "idDireccVento": 0, 
                "radiacao": 2445.7, 
                "time": "2025-08-25T15:00:00", 
                "intensidadeVento": -99.0, 
                "descDirVento": "---"
            }
        }, 
        {
            "geometry": {
                "type": "Point", 
                "coordinates": [
                    -17.1042, 
                    32.6815
                ]
            }, 
            "type": "Feature", 
            "properties": {
                "intensidadeVentoKM": 4.0, 
                "temperatura": 27.7, 
                "idEstacao": 1210986, 
                "pressao": -99.0, 
                "humidade": 68.0, 
                "localEstacao": "Ponta do Sol/Lugar de Baixo", 
                "precAcumulada": 0.0, 
                "idDireccVento": 3, 
                "radiacao": 2584.4, 
                "time": "2025-08-25T15:00:00", 
                "intensidadeVento": 1.1, 
                "descDirVento": "E"
            }
        }, 
        {
            "geometry": {
                "type": "Point", 
                "coordinates": [
                    -17.2016, 
                    32.7572
                ]
            }, 
            "type": "Feature", 
            "properties": {
                "intensidadeVentoKM": 8.3, 
                "temperatura": 23.9, 
                "idEstacao": 1210987, 
                "pressao": -99.0, 
                "humidade": 77.0, 
                "localEstacao": "Madeira, Prazeres", 
                "precAcumulada": 0.0, 
                "idDireccVento": 2, 
                "radiacao": 2379.7, 
                "time": "2025-08-25T15:00:00", 
                "intensidadeVento": 2.3, 
                "descDirVento": "NE"
            }
        }, 
        {
            "geometry": {
                "type": "Point", 
                "coordinates": [
                    -17.2632, 
                    32.8138
                ]
            }, 
            "type": "Feature", 
            "properties": {
                "intensidadeVentoKM": 8.6, 
                "temperatura": 24.5, 
                "idEstacao": 1210990, 
                "pressao": 1018.7, 
                "humidade": 77.0, 
                "localEstacao": "Madeira, Calheta", 
                "precAcumulada": 0.0, 
                "idDireccVento": 5, 
                "radiacao": 2872.7, 
                "time": "2025-08-25T15:00:00", 
                "intensidadeVento": 2.4, 
                "descDirVento": "S"
            }
        }, 
        {
            "geometry": {
                "type": "Point", 
                "coordinates": [
                    -8.6025, 
                    41.1385
                ]
            }, 
            "type": "Feature", 
            "properties": {
                "intensidadeVentoKM": 19.1, 
                "temperatura": 22.9, 
                "idEstacao": 1240546, 
                "pressao": 1013.6, 
                "humidade": 82.0, 
                "localEstacao": "Serra do Pilar", 
                "precAcumulada": 0.0, 
                "idDireccVento": 7, 
                "radiacao": -99.0, 
                "time": "2025-08-25T15:00:00", 
                "intensidadeVento": 5.3, 
                "descDirVento": "W"
            }
        }, 
        {
            "geometry": {
                "type": "Point", 
                "coordinates": [
                    -7.7405, 
                    41.309
                ]
            }, 
            "type": "Feature", 
            "properties": {
                "intensidadeVentoKM": 5.4, 
                "temperatura": 34.7, 
                "idEstacao": 1240566, 
                "pressao": -99.0, 
                "humidade": 20.0, 
                "localEstacao": "Vila Real (Cidade)", 
                "precAcumulada": 0.0, 
                "idDireccVento": 5, 
                "radiacao": -99.0, 
                "time": "2025-08-25T15:00:00", 
                "intensidadeVento": 1.5, 
                "descDirVento": "S"
            }
        }, 
        {
            "geometry": {
                "type": "Point", 
                "coordinates": [
                    -8.8292, 
                    41.695
                ]
            }, 
            "type": "Feature", 
            "properties": {
                "intensidadeVentoKM": -99.0, 
                "temperatura": 21.4, 
                "idEstacao": 1240610, 
                "pressao": -99.0, 
                "humidade": 73.0, 
                "localEstacao": "Viana do Castelo (Cidade)", 
                "precAcumulada": 0.0, 
                "idDireccVento": 0, 
                "radiacao": -99.0, 
                "time": "2025-08-25T15:00:00", 
                "intensidadeVento": -99.0, 
                "descDirVento": "---"
            }
        }, 
        {
            "geometry": {
                "type": "Point", 
                "coordinates": [
                    -7.904, 
                    40.6627
                ]
            }, 
            "type": "Feature", 
            "properties": {
                "intensidadeVentoKM": -99.0, 
                "temperatura": 33.4, 
                "idEstacao": 1240675, 
                "pressao": -99.0, 
                "humidade": 20.0, 
                "localEstacao": "Viseu (Cidade)", 
                "precAcumulada": 0.0, 
                "idDireccVento": 0, 
                "radiacao": -99.0, 
                "time": "2025-08-25T15:00:00", 
                "intensidadeVento": -99.0, 
                "descDirVento": "---"
            }
        }, 
        {
            "geometry": {
                "type": "Point", 
                "coordinates": [
                    -8.626, 
                    41.1526
                ]
            }, 
            "type": "Feature", 
            "properties": {
                "intensidadeVentoKM": -99.0, 
                "temperatura": 22.5, 
                "idEstacao": 1240903, 
                "pressao": -99.0, 
                "humidade": 73.0, 
                "localEstacao": "Porto, Massarelos", 
                "precAcumulada": 0.0, 
                "idDireccVento": 0, 
                "radiacao": -99.0, 
                "time": "2025-08-25T15:00:00", 
                "intensidadeVento": -99.0, 
                "descDirVento": "---"
            }
        }, 
        {
            "geometry": {
                "type": "Point", 
                "coordinates": [
                    -16.9356, 
                    32.6365
                ]
            }, 
            "type": "Feature", 
            "properties": {
                "intensidadeVentoKM": 0.4, 
                "temperatura": 25.6, 
                "idEstacao": 1240971, 
                "pressao": -99.0, 
                "humidade": 76.0, 
                "localEstacao": "Funchal, Lido", 
                "precAcumulada": 0.0, 
                "idDireccVento": 0, 
                "radiacao": 2999.1, 
                "time": "2025-08-25T15:00:00", 
                "intensidadeVento": 0.1, 
                "descDirVento": "---"
            }
        }, 
        {
            "geometry": {
                "type": "Point", 
                "coordinates": [
                    -8.179, 
                    40.0933
                ]
            }, 
            "type": "Feature", 
            "properties": {
                "intensidadeVentoKM": 16.6, 
                "temperatura": 22.7, 
                "idEstacao": 1259201, 
                "pressao": -99.0, 
                "humidade": 58.0, 
                "localEstacao": "Lous\u00e3/Trevim", 
                "precAcumulada": 0.0, 
                "idDireccVento": 7, 
                "radiacao": -99.0, 
                "time": "2025-08-25T15:00:00", 
                "intensidadeVento": 4.6, 
                "descDirVento": "W"
            }
        }, 
        {
            "geometry": {
                "type": "Point", 
                "coordinates": [
                    -8.2048, 
                    40.0809
                ]
            }, 
            "type": "Feature", 
            "properties": {
                "intensidadeVentoKM": 4.7, 
                "temperatura": 25.7, 
                "idEstacao": 1259202, 
                "pressao": 1014.0, 
                "humidade": 53.0, 
                "localEstacao": "Lous\u00e3/Candal", 
                "precAcumulada": 0.0, 
                "idDireccVento": 9, 
                "radiacao": -99.0, 
                "time": "2025-08-25T15:00:00", 
                "intensidadeVento": 1.3, 
                "descDirVento": "N"
            }
        }, 
        {
            "geometry": {
                "type": "Point", 
                "coordinates": [
                    -7.6861, 
                    40.4552
                ]
            }, 
            "type": "Feature", 
            "properties": {
                "intensidadeVentoKM": 9.0, 
                "temperatura": 30.8, 
                "idEstacao": 1259203, 
                "pressao": 1013.2, 
                "humidade": 36.0, 
                "localEstacao": "Seia/Aer\u00f3dromo", 
                "precAcumulada": 0.0, 
                "idDireccVento": 7, 
                "radiacao": -99.0, 
                "time": "2025-08-25T15:00:00", 
                "intensidadeVento": 2.5, 
                "descDirVento": "W"
            }
        }, 
        {
            "geometry": {
                "type": "Point", 
                "coordinates": [
                    -7.6734, 
                    40.4128
                ]
            }, 
            "type": "Feature", 
            "properties": {
                "intensidadeVentoKM": 7.2, 
                "temperatura": 25.7, 
                "idEstacao": 1259204, 
                "pressao": 1013.1, 
                "humidade": 42.0, 
                "localEstacao": "Seia/Senhora do Espinheiro", 
                "precAcumulada": 0.0, 
                "idDireccVento": 8, 
                "radiacao": -99.0, 
                "time": "2025-08-25T15:00:00", 
                "intensidadeVento": 2.0, 
                "descDirVento": "NW"
            }
        }, 
        {
            "geometry": {
                "type": "Point", 
                "coordinates": [
                    -8.7825, 
                    38.7627
                ]
            }, 
            "type": "Feature", 
            "properties": {
                "intensidadeVentoKM": 11.9, 
                "temperatura": 31.7, 
                "idEstacao": 5210758, 
                "pressao": -99.0, 
                "humidade": 33.0, 
                "localEstacao": "Alcochete / Campo Tiro", 
                "precAcumulada": 0.0, 
                "idDireccVento": 7, 
                "radiacao": -99.0, 
                "time": "2025-08-25T15:00:00", 
                "intensidadeVento": 3.3, 
                "descDirVento": "W"
            }
        }, 
        {
            "geometry": {
                "type": "Point", 
                "coordinates": [
                    -8.0542, 
                    39.2154
                ]
            }, 
            "type": "Feature", 
            "properties": {
                "intensidadeVentoKM": 9.4, 
                "temperatura": 33.8, 
                "idEstacao": 6210817, 
                "pressao": 1012.2, 
                "humidade": 25.0, 
                "localEstacao": "Ponte de S\u00f4r / Aer\u00f3dromo", 
                "precAcumulada": -99.0, 
                "idDireccVento": 7, 
                "radiacao": -99.0, 
                "time": "2025-08-25T15:00:00", 
                "intensidadeVento": 2.6, 
                "descDirVento": "W"
            }
        }, 
        {
            "geometry": {
                "type": "Point", 
                "coordinates": [
                    -8.0652, 
                    37.1299
                ]
            }, 
            "type": "Feature", 
            "properties": {
                "intensidadeVentoKM": 10.8, 
                "temperatura": 27.7, 
                "idEstacao": 6210872, 
                "pressao": 1013.7, 
                "humidade": 45.0, 
                "localEstacao": "Loul\u00e9 (CML)", 
                "precAcumulada": -99.0, 
                "idDireccVento": 5, 
                "radiacao": -99.0, 
                "time": "2025-08-25T15:00:00", 
                "intensidadeVento": 3.0, 
                "descDirVento": "S"
            }
        }, 
        {
            "geometry": {
                "type": "Point", 
                "coordinates": [
                    -8.5295, 
                    37.1167
                ]
            }, 
            "type": "Feature", 
            "properties": {
                "intensidadeVentoKM": 22.7, 
                "temperatura": 29.3, 
                "idEstacao": 6210879, 
                "pressao": -99.0, 
                "humidade": 38.0, 
                "localEstacao": "Portim\u00e3o, Praia da Rocha", 
                "precAcumulada": 0.0, 
                "idDireccVento": 7, 
                "radiacao": -99.0, 
                "time": "2025-08-25T15:00:00", 
                "intensidadeVento": 6.3, 
                "descDirVento": "W"
            }
        }, 
        {
            "geometry": {
                "type": "Point", 
                "coordinates": [
                    -8.4219, 
                    42.0429
                ]
            }, 
            "type": "Feature", 
            "properties": {
                "intensidadeVentoKM": 18.7, 
                "temperatura": 27.1, 
                "idEstacao": 6211211, 
                "pressao": 1012.9, 
                "humidade": 50.0, 
                "localEstacao": "Mon\u00e7\u00e3o - Guimil", 
                "precAcumulada": -99.0, 
                "idDireccVento": 7, 
                "radiacao": 4476.9, 
                "time": "2025-08-25T15:00:00", 
                "intensidadeVento": 5.2, 
                "descDirVento": "W"
            }
        }, 
        {
            "geometry": {
                "type": "Point", 
                "coordinates": [
                    -8.4921, 
                    41.9134
                ]
            }, 
            "type": "Feature", 
            "properties": {
                "intensidadeVentoKM": 7.2, 
                "temperatura": 26.9, 
                "idEstacao": 6211213, 
                "pressao": 1012.7, 
                "humidade": 45.0, 
                "localEstacao": "Paredes De Coura - Vasc\u00f5es", 
                "precAcumulada": -99.0, 
                "idDireccVento": 6, 
                "radiacao": 4407.2, 
                "time": "2025-08-25T15:00:00", 
                "intensidadeVento": 2.0, 
                "descDirVento": "SW"
            }
        }, 
        {
            "geometry": {
                "type": "Point", 
                "coordinates": [
                    -8.4437, 
                    41.831
                ]
            }, 
            "type": "Feature", 
            "properties": {
                "intensidadeVentoKM": 12.2, 
                "temperatura": 26.4, 
                "idEstacao": 6211216, 
                "pressao": 1013.8, 
                "humidade": 55.0, 
                "localEstacao": "Arcos De Valdevez - Heliporto", 
                "precAcumulada": 0.0, 
                "idDireccVento": 6, 
                "radiacao": 0.0, 
                "time": "2025-08-25T15:00:00", 
                "intensidadeVento": 3.4, 
                "descDirVento": "SW"
            }
        }, 
        {
            "geometry": {
                "type": "Point", 
                "coordinates": [
                    -8.5224, 
                    41.6981
                ]
            }, 
            "type": "Feature", 
            "properties": {
                "intensidadeVentoKM": 6.8, 
                "temperatura": 26.9, 
                "idEstacao": 6211218, 
                "pressao": 1013.6, 
                "humidade": 56.0, 
                "localEstacao": "Ponte De Lima - Anais", 
                "precAcumulada": 0.0, 
                "idDireccVento": 5, 
                "radiacao": 4427.2, 
                "time": "2025-08-25T15:00:00", 
                "intensidadeVento": 1.9, 
                "descDirVento": "S"
            }
        }, 
        {
            "geometry": {
                "type": "Point", 
                "coordinates": [
                    -8.3181, 
                    41.7023
                ]
            }, 
            "type": "Feature", 
            "properties": {
                "intensidadeVentoKM": 13.3, 
                "temperatura": 27.6, 
                "idEstacao": 6212121, 
                "pressao": 1014.5, 
                "humidade": 56.0, 
                "localEstacao": "Terras de Bouro/Barral (CIM)", 
                "precAcumulada": 0.0, 
                "idDireccVento": 7, 
                "radiacao": 2740.2, 
                "time": "2025-08-25T15:00:00", 
                "intensidadeVento": 3.7, 
                "descDirVento": "W"
            }
        }, 
        {
            "geometry": {
                "type": "Point", 
                "coordinates": [
                    -8.3798, 
                    41.668
                ]
            }, 
            "type": "Feature", 
            "properties": {
                "intensidadeVentoKM": 11.9, 
                "temperatura": 29.3, 
                "idEstacao": 6212122, 
                "pressao": 1015.2, 
                "humidade": 54.0, 
                "localEstacao": "Amares Caldelas (CIM)", 
                "precAcumulada": 0.0, 
                "idDireccVento": 5, 
                "radiacao": 2633.4, 
                "time": "2025-08-25T15:00:00", 
                "intensidadeVento": 3.3, 
                "descDirVento": "S"
            }
        }, 
        {
            "geometry": {
                "type": "Point", 
                "coordinates": [
                    -8.434, 
                    41.6469
                ]
            }, 
            "type": "Feature", 
            "properties": {
                "intensidadeVentoKM": 9.0, 
                "temperatura": 28.6, 
                "idEstacao": 6212123, 
                "pressao": 1016.0, 
                "humidade": 60.0, 
                "localEstacao": "Vila Verde (CIM)", 
                "precAcumulada": -99.0, 
                "idDireccVento": 5, 
                "radiacao": 2641.8, 
                "time": "2025-08-25T15:00:00", 
                "intensidadeVento": 2.5, 
                "descDirVento": "S"
            }
        }, 
        {
            "geometry": {
                "type": "Point", 
                "coordinates": [
                    -8.4251, 
                    41.5357
                ]
            }, 
            "type": "Feature", 
            "properties": {
                "intensidadeVentoKM": 13.3, 
                "temperatura": 26.9, 
                "idEstacao": 6212124, 
                "pressao": 1016.8, 
                "humidade": 56.0, 
                "localEstacao": "Braga (CIM)", 
                "precAcumulada": 0.0, 
                "idDireccVento": 7, 
                "radiacao": 2674.2, 
                "time": "2025-08-25T15:00:00", 
                "intensidadeVento": 3.7, 
                "descDirVento": "W"
            }
        }, 
        {
            "geometry": {
                "type": "Point", 
                "coordinates": [
                    -8.6271, 
                    41.5294
                ]
            }, 
            "type": "Feature", 
            "properties": {
                "intensidadeVentoKM": 17.3, 
                "temperatura": 22.5, 
                "idEstacao": 6212125, 
                "pressao": 1016.3, 
                "humidade": 72.0, 
                "localEstacao": "Barcelos (CIM)", 
                "precAcumulada": 0.0, 
                "idDireccVento": 6, 
                "radiacao": 1985.4, 
                "time": "2025-08-25T15:00:00", 
                "intensidadeVento": 4.8, 
                "descDirVento": "SW"
            }
        }, 
        {
            "geometry": {
                "type": "Point", 
                "coordinates": [
                    -8.7798, 
                    41.5265
                ]
            }, 
            "type": "Feature", 
            "properties": {
                "intensidadeVentoKM": 17.3, 
                "temperatura": 18.0, 
                "idEstacao": 6212126, 
                "pressao": 1016.7, 
                "humidade": 98.0, 
                "localEstacao": "Esposende (CIM)", 
                "precAcumulada": 0.0, 
                "idDireccVento": 8, 
                "radiacao": 1226.4, 
                "time": "2025-08-25T15:00:00", 
                "intensidadeVento": 4.8, 
                "descDirVento": "NW"
            }
        }, 
        {
            "geometry": {
                "type": "Point", 
                "coordinates": [
                    -7.9263, 
                    40.4672
                ]
            }, 
            "type": "Feature", 
            "properties": {
                "intensidadeVentoKM": 13.0, 
                "temperatura": 31.2, 
                "idEstacao": 6213012, 
                "pressao": -99.0, 
                "humidade": 34.0, 
                "localEstacao": "Carregal do Sal(CIM)", 
                "precAcumulada": 0.0, 
                "idDireccVento": 6, 
                "radiacao": -99.0, 
                "time": "2025-08-25T15:00:00", 
                "intensidadeVento": 3.6, 
                "descDirVento": "SW"
            }
        }, 
        {
            "geometry": {
                "type": "Point", 
                "coordinates": [
                    -7.8832, 
                    40.9809
                ]
            }, 
            "type": "Feature", 
            "properties": {
                "intensidadeVentoKM": 14.0, 
                "temperatura": 29.2, 
                "idEstacao": 6213013, 
                "pressao": -99.0, 
                "humidade": 25.0, 
                "localEstacao": "Castro Daire / M\u00e9zio (CIM)", 
                "precAcumulada": -99.0, 
                "idDireccVento": 6, 
                "radiacao": -99.0, 
                "time": "2025-08-25T15:00:00", 
                "intensidadeVento": 3.9, 
                "descDirVento": "SW"
            }
        }, 
        {
            "geometry": {
                "type": "Point", 
                "coordinates": [
                    -7.6084, 
                    40.611
                ]
            }, 
            "type": "Feature", 
            "properties": {
                "intensidadeVentoKM": 14.4, 
                "temperatura": 32.8, 
                "idEstacao": 6213014, 
                "pressao": -99.0, 
                "humidade": 25.0, 
                "localEstacao": "Mangualde / Ch\u00e3s de Tavares  (CIM)", 
                "precAcumulada": 0.0, 
                "idDireccVento": 6, 
                "radiacao": -99.0, 
                "time": "2025-08-25T15:00:00", 
                "intensidadeVento": 4.0, 
                "descDirVento": "SW"
            }
        }, 
        {
            "geometry": {
                "type": "Point", 
                "coordinates": [
                    -8.2013, 
                    40.7169
                ]
            }, 
            "type": "Feature", 
            "properties": {
                "intensidadeVentoKM": 13.3, 
                "temperatura": 27.6, 
                "idEstacao": 6213016, 
                "pressao": -99.0, 
                "humidade": 42.0, 
                "localEstacao": "Oliveira de Frades (CIM)", 
                "precAcumulada": -99.0, 
                "idDireccVento": 5, 
                "radiacao": -99.0, 
                "time": "2025-08-25T15:00:00", 
                "intensidadeVento": 3.7, 
                "descDirVento": "S"
            }
        }, 
        {
            "geometry": {
                "type": "Point", 
                "coordinates": [
                    -7.6966, 
                    40.6571
                ]
            }, 
            "type": "Feature", 
            "properties": {
                "intensidadeVentoKM": 11.5, 
                "temperatura": 32.0, 
                "idEstacao": 6213017, 
                "pressao": -99.0, 
                "humidade": 31.0, 
                "localEstacao": "Penalva do Castelo (CIM)", 
                "precAcumulada": 0.0, 
                "idDireccVento": 7, 
                "radiacao": -99.0, 
                "time": "2025-08-25T15:00:00", 
                "intensidadeVento": 3.2, 
                "descDirVento": "W"
            }
        }, 
        {
            "geometry": {
                "type": "Point", 
                "coordinates": [
                    -7.7202, 
                    40.7607
                ]
            }, 
            "type": "Feature", 
            "properties": {
                "intensidadeVentoKM": 8.3, 
                "temperatura": 31.6, 
                "idEstacao": 6213020, 
                "pressao": -99.0, 
                "humidade": 23.0, 
                "localEstacao": "Sat\u00e3o (CIM)", 
                "precAcumulada": 0.0, 
                "idDireccVento": 7, 
                "radiacao": -99.0, 
                "time": "2025-08-25T15:00:00", 
                "intensidadeVento": 2.3, 
                "descDirVento": "W"
            }
        }, 
        {
            "geometry": {
                "type": "Point", 
                "coordinates": [
                    -7.7272, 
                    40.8559
                ]
            }, 
            "type": "Feature", 
            "properties": {
                "intensidadeVentoKM": 7.6, 
                "temperatura": 31.4, 
                "idEstacao": 6213022, 
                "pressao": -99.0, 
                "humidade": 67.0, 
                "localEstacao": "Vila Nova de Paiva (CIM)", 
                "precAcumulada": 0.0, 
                "idDireccVento": 5, 
                "radiacao": -99.0, 
                "time": "2025-08-25T15:00:00", 
                "intensidadeVento": 2.1, 
                "descDirVento": "S"
            }
        }, 
        {
            "geometry": {
                "type": "Point", 
                "coordinates": [
                    -7.9744, 
                    40.2746
                ]
            }, 
            "type": "Feature", 
            "properties": {
                "intensidadeVentoKM": 7.2, 
                "temperatura": 32.0, 
                "idEstacao": 6213611, 
                "pressao": -99.0, 
                "humidade": 35.0, 
                "localEstacao": "Arganil / Aer\u00f3dromo (CIM)", 
                "precAcumulada": -99.0, 
                "idDireccVento": 7, 
                "radiacao": -99.0, 
                "time": "2025-08-25T15:00:00", 
                "intensidadeVento": 2.0, 
                "descDirVento": "W"
            }
        }, 
        {
            "geometry": {
                "type": "Point", 
                "coordinates": [
                    -8.5776, 
                    40.3419
                ]
            }, 
            "type": "Feature", 
            "properties": {
                "intensidadeVentoKM": 9.7, 
                "temperatura": 24.3, 
                "idEstacao": 6213612, 
                "pressao": -99.0, 
                "humidade": 63.0, 
                "localEstacao": "Cantanhede / Fonte Dom Pedro (CIM)", 
                "precAcumulada": 0.0, 
                "idDireccVento": 8, 
                "radiacao": -99.0, 
                "time": "2025-08-25T15:00:00", 
                "intensidadeVento": 2.7, 
                "descDirVento": "NW"
            }
        }, 
        {
            "geometry": {
                "type": "Point", 
                "coordinates": [
                    -8.3749, 
                    40.3308
                ]
            }, 
            "type": "Feature", 
            "properties": {
                "intensidadeVentoKM": 10.1, 
                "temperatura": 27.8, 
                "idEstacao": 6213613, 
                "pressao": -99.0, 
                "humidade": 48.0, 
                "localEstacao": "Coimbra / Mata de S\u00e3o Pedro (CIM)", 
                "precAcumulada": -99.0, 
                "idDireccVento": 8, 
                "radiacao": -99.0, 
                "time": "2025-08-25T15:00:00", 
                "intensidadeVento": 2.8, 
                "descDirVento": "NW"
            }
        }, 
        {
            "geometry": {
                "type": "Point", 
                "coordinates": [
                    -8.1032, 
                    40.1716
                ]
            }, 
            "type": "Feature", 
            "properties": {
                "intensidadeVentoKM": 9.7, 
                "temperatura": -99.0, 
                "idEstacao": 6213614, 
                "pressao": -99.0, 
                "humidade": -99.0, 
                "localEstacao": "G\u00f3is / Quinta da Ribeira (CIM)", 
                "precAcumulada": -99.0, 
                "idDireccVento": 5, 
                "radiacao": -99.0, 
                "time": "2025-08-25T15:00:00", 
                "intensidadeVento": 2.7, 
                "descDirVento": "S"
            }
        }, 
        {
            "geometry": {
                "type": "Point", 
                "coordinates": [
                    -8.4388, 
                    40.3733
                ]
            }, 
            "type": "Feature", 
            "properties": {
                "intensidadeVentoKM": 12.6, 
                "temperatura": 28.1, 
                "idEstacao": 6213615, 
                "pressao": -99.0, 
                "humidade": 49.0, 
                "localEstacao": "Mealhada / Quinta do Vale (CIM)", 
                "precAcumulada": 0.0, 
                "idDireccVento": 8, 
                "radiacao": -99.0, 
                "time": "2025-08-25T15:00:00", 
                "intensidadeVento": 3.5, 
                "descDirVento": "NW"
            }
        }, 
        {
            "geometry": {
                "type": "Point", 
                "coordinates": [
                    -8.2321, 
                    40.4262
                ]
            }, 
            "type": "Feature", 
            "properties": {
                "intensidadeVentoKM": 18.4, 
                "temperatura": 29.9, 
                "idEstacao": 6213616, 
                "pressao": -99.0, 
                "humidade": 41.0, 
                "localEstacao": "Mort\u00e1gua / Aer\u00f3dromo (CIM)", 
                "precAcumulada": 0.0, 
                "idDireccVento": 7, 
                "radiacao": -99.0, 
                "time": "2025-08-25T15:00:00", 
                "intensidadeVento": 5.1, 
                "descDirVento": "W"
            }
        }, 
        {
            "geometry": {
                "type": "Point", 
                "coordinates": [
                    -8.1987, 
                    40.2809
                ]
            }, 
            "type": "Feature", 
            "properties": {
                "intensidadeVentoKM": 12.6, 
                "temperatura": -99.0, 
                "idEstacao": 6213617, 
                "pressao": -99.0, 
                "humidade": 39.0, 
                "localEstacao": "Penacova / Hombres (CIM)", 
                "precAcumulada": 0.0, 
                "idDireccVento": 8, 
                "radiacao": -99.0, 
                "time": "2025-08-25T15:00:00", 
                "intensidadeVento": 3.5, 
                "descDirVento": "NW"
            }
        }, 
        {
            "geometry": {
                "type": "Point", 
                "coordinates": [
                    -8.242, 
                    40.2114
                ]
            }, 
            "type": "Feature", 
            "properties": {
                "intensidadeVentoKM": 13.0, 
                "temperatura": 31.1, 
                "idEstacao": 6213619, 
                "pressao": -99.0, 
                "humidade": 38.0, 
                "localEstacao": "Vila Nova de Poiares (CIM)", 
                "precAcumulada": 0.0, 
                "idDireccVento": 7, 
                "radiacao": -99.0, 
                "time": "2025-08-25T15:00:00", 
                "intensidadeVento": 3.6, 
                "descDirVento": "W"
            }
        }, 
        {
            "geometry": {
                "type": "Point", 
                "coordinates": [
                    -7.868, 
                    40.4133
                ]
            }, 
            "type": "Feature", 
            "properties": {
                "intensidadeVentoKM": 14.4, 
                "temperatura": 30.5, 
                "idEstacao": 6213620, 
                "pressao": -99.0, 
                "humidade": 33.0, 
                "localEstacao": "Oliveira do Hospital (CIM)", 
                "precAcumulada": 0.0, 
                "idDireccVento": 7, 
                "radiacao": -99.0, 
                "time": "2025-08-25T15:00:00", 
                "intensidadeVento": 4.0, 
                "descDirVento": "W"
            }
        }, 
        {
            "geometry": {
                "type": "Point", 
                "coordinates": [
                    -8.5049, 
                    40.0293
                ]
            }, 
            "type": "Feature", 
            "properties": {
                "intensidadeVentoKM": 24.5, 
                "temperatura": -99.0, 
                "idEstacao": 6213621, 
                "pressao": -99.0, 
                "humidade": -99.0, 
                "localEstacao": "Soure (CIM)", 
                "precAcumulada": 0.0, 
                "idDireccVento": 8, 
                "radiacao": -99.0, 
                "time": "2025-08-25T15:00:00", 
                "intensidadeVento": 6.8, 
                "descDirVento": "NW"
            }
        }, 
        {
            "geometry": {
                "type": "Point", 
                "coordinates": [
                    -8.1509, 
                    39.9266
                ]
            }, 
            "type": "Feature", 
            "properties": {
                "intensidadeVentoKM": 13.3, 
                "temperatura": 31.4, 
                "idEstacao": 6214119, 
                "pressao": 1012.1, 
                "humidade": 29.0, 
                "localEstacao": " Pedr\u00f3g\u00e3o Grande (CMPG)", 
                "precAcumulada": 0.0, 
                "idDireccVento": 6, 
                "radiacao": -99.0, 
                "time": "2025-08-25T15:00:00", 
                "intensidadeVento": 3.7, 
                "descDirVento": "SW"
            }
        }, 
        {
            "geometry": {
                "type": "Point", 
                "coordinates": [
                    -9.1855, 
                    38.7751
                ]
            }, 
            "type": "Feature", 
            "properties": {
                "intensidadeVentoKM": 10.1, 
                "temperatura": 28.2, 
                "idEstacao": 6215302, 
                "pressao": 1013.6, 
                "humidade": 49.0, 
                "localEstacao": "Lisboa, Carnide (CML)", 
                "precAcumulada": -99.0, 
                "idDireccVento": 8, 
                "radiacao": -99.0, 
                "time": "2025-08-25T15:00:00", 
                "intensidadeVento": 2.8, 
                "descDirVento": "NW"
            }
        }, 
        {
            "geometry": {
                "type": "Point", 
                "coordinates": [
                    -9.2939, 
                    38.724
                ]
            }, 
            "type": "Feature", 
            "properties": {
                "intensidadeVentoKM": 30.2, 
                "temperatura": 24.3, 
                "idEstacao": 6215360, 
                "pressao": 1013.4, 
                "humidade": 61.0, 
                "localEstacao": "Oeiras / Vila Fria", 
                "precAcumulada": 0.0, 
                "idDireccVento": 9, 
                "radiacao": 2848.6, 
                "time": "2025-08-25T15:00:00", 
                "intensidadeVento": 8.4, 
                "descDirVento": "N"
            }
        }, 
        {
            "geometry": {
                "type": "Point", 
                "coordinates": [
                    -9.1649, 
                    38.7239
                ]
            }, 
            "type": "Feature", 
            "properties": {
                "intensidadeVentoKM": 9.0, 
                "temperatura": 31.0, 
                "idEstacao": 7240919, 
                "pressao": -99.0, 
                "humidade": 47.0, 
                "localEstacao": "Lisboa, Amoreiras (Lic. Franc\u00eas)", 
                "precAcumulada": 0.0, 
                "idDireccVento": 8, 
                "radiacao": -99.0, 
                "time": "2025-08-25T15:00:00", 
                "intensidadeVento": 2.5, 
                "descDirVento": "NW"
            }
        }, 
        {
            "geometry": {
                "type": "Point", 
                "coordinates": [
                    -25.0917, 
                    36.9542
                ]
            }, 
            "type": "Feature", 
            "properties": {
                "intensidadeVentoKM": -99.0, 
                "temperatura": 23.5, 
                "idEstacao": 11217160, 
                "pressao": -99.0, 
                "humidade": 76.0, 
                "localEstacao": "Santa Maria / Praia Formosa (DRAAC)", 
                "precAcumulada": -99.0, 
                "idDireccVento": 0, 
                "radiacao": -99.0, 
                "time": "2025-08-25T15:00:00", 
                "intensidadeVento": -99.0, 
                "descDirVento": "---"
            }
        }, 
        {
            "geometry": {
                "type": "Point", 
                "coordinates": [
                    -25.0176, 
                    36.9412
                ]
            }, 
            "type": "Feature", 
            "properties": {
                "intensidadeVentoKM": -99.0, 
                "temperatura": 22.8, 
                "idEstacao": 11217165, 
                "pressao": -99.0, 
                "humidade": 82.0, 
                "localEstacao": "Santa Maria / Maia (DRAAC)", 
                "precAcumulada": -99.0, 
                "idDireccVento": 0, 
                "radiacao": -99.0, 
                "time": "2025-08-25T15:00:00", 
                "intensidadeVento": -99.0, 
                "descDirVento": "---"
            }
        }, 
        {
            "geometry": {
                "type": "Point", 
                "coordinates": [
                    -25.5618, 
                    37.8049
                ]
            }, 
            "type": "Feature", 
            "properties": {
                "intensidadeVentoKM": 13.3, 
                "temperatura": 25.7, 
                "idEstacao": 11217217, 
                "pressao": -99.0, 
                "humidade": 61.0, 
                "localEstacao": "S\u00e3o Miguel / Santana (DRAAC)", 
                "precAcumulada": 0.0, 
                "idDireccVento": 7, 
                "radiacao": 3528.6, 
                "time": "2025-08-25T15:00:00", 
                "intensidadeVento": 3.7, 
                "descDirVento": "W"
            }
        }
    ]
}
